Larger automaton,Smaller automaton,L.states,L.initial,L.final,L.transitions,S.states,S.initial,S.final,S.transitions,ET.B.states,ET.B.final,ET.B.mean,ET.B.stddev,ET.B.median,ET.B.user,ET.B.system,ET.B.min,ET.B.max,ET.L.smt.checked,ET.L.smt.processed,ET.L.smt.sat,ET.L.smt.false,ET.L.smt.skipped,ET.L.smt.l.lasso,ET.L.smt.s.lasso,ET.L.smt.states,ET.L.smt.final,ET.L.smt.mean,ET.L.smt.stddev,ET.L.smt.median,ET.L.smt.user,ET.L.smt.system,ET.L.smt.min,ET.L.smt.max,ET.L.smt_free.checked,ET.L.smt_free.processed,ET.L.smt_free.sat,ET.L.smt_free.false,ET.L.smt_free.skipped,ET.L.smt_free.l.lasso,ET.L.smt_free.s.lasso,ET.L.smt_free.states,ET.L.smt_free.final,ET.L.smt_free.mean,ET.L.smt_free.stddev,ET.L.smt_free.median,ET.L.smt_free.user,ET.L.smt_free.system,ET.L.smt_free.min,ET.L.smt_free.max,ET.P.forward.checked,ET.P.forward.processed,ET.P.forward.sat,ET.P.forward.false,ET.P.forward.skipped,ET.P.forward.states,ET.P.forward.final,ET.P.forward.mean,ET.P.forward.stddev,ET.P.forward.median,ET.P.forward.user,ET.P.forward.system,ET.P.forward.min,ET.P.forward.max,ET.P.backward.checked,ET.P.backward.processed,ET.P.backward.sat,ET.P.backward.false,ET.P.backward.skipped,ET.P.backward.states,ET.P.backward.final,ET.P.backward.mean,ET.P.backward.stddev,ET.P.backward.median,ET.P.backward.user,ET.P.backward.system,ET.P.backward.min,ET.P.backward.max,ET.P.no_lengths.checked,ET.P.no_lengths.processed,ET.P.no_lengths.sat,ET.P.no_lengths.false,ET.P.no_lengths.skipped,ET.P.no_lengths.states,ET.P.no_lengths.final,ET.P.no_lengths.mean,ET.P.no_lengths.stddev,ET.P.no_lengths.median,ET.P.no_lengths.user,ET.P.no_lengths.system,ET.P.no_lengths.min,ET.P.no_lengths.max,ET.C.checked,ET.C.processed,ET.C.sat,ET.C.false,ET.C.skipped,ET.C.len.sat,ET.C.len.unsat,ET.C.par.sat,ET.C.par.unsat,ET.C.l.lasso,ET.C.s.lasso,ET.C.states,ET.C.final,ET.C.mean,ET.C.stddev,ET.C.median,ET.C.user,ET.C.system,ET.C.min,ET.C.max,FP.B.states,FP.B.final,FP.B.mean,FP.B.stddev,FP.B.median,FP.B.user,FP.B.system,FP.B.min,FP.B.max,FP.L.smt.checked,FP.L.smt.processed,FP.L.smt.sat,FP.L.smt.false,FP.L.smt.skipped,FP.L.smt.l.lasso,FP.L.smt.s.lasso,FP.L.smt.states,FP.L.smt.final,FP.L.smt.mean,FP.L.smt.stddev,FP.L.smt.median,FP.L.smt.user,FP.L.smt.system,FP.L.smt.min,FP.L.smt.max,FP.L.smt_free.checked,FP.L.smt_free.processed,FP.L.smt_free.sat,FP.L.smt_free.false,FP.L.smt_free.skipped,FP.L.smt_free.l.lasso,FP.L.smt_free.s.lasso,FP.L.smt_free.states,FP.L.smt_free.final,FP.L.smt_free.mean,FP.L.smt_free.stddev,FP.L.smt_free.median,FP.L.smt_free.user,FP.L.smt_free.system,FP.L.smt_free.min,FP.L.smt_free.max,FP.P.forward.checked,FP.P.forward.processed,FP.P.forward.sat,FP.P.forward.false,FP.P.forward.skipped,FP.P.forward.states,FP.P.forward.final,FP.P.forward.mean,FP.P.forward.stddev,FP.P.forward.median,FP.P.forward.user,FP.P.forward.system,FP.P.forward.min,FP.P.forward.max,FP.P.backward.checked,FP.P.backward.processed,FP.P.backward.sat,FP.P.backward.false,FP.P.backward.skipped,FP.P.backward.states,FP.P.backward.final,FP.P.backward.mean,FP.P.backward.stddev,FP.P.backward.median,FP.P.backward.user,FP.P.backward.system,FP.P.backward.min,FP.P.backward.max,FP.P.no_lengths.checked,FP.P.no_lengths.processed,FP.P.no_lengths.sat,FP.P.no_lengths.false,FP.P.no_lengths.skipped,FP.P.no_lengths.states,FP.P.no_lengths.final,FP.P.no_lengths.mean,FP.P.no_lengths.stddev,FP.P.no_lengths.median,FP.P.no_lengths.user,FP.P.no_lengths.system,FP.P.no_lengths.min,FP.P.no_lengths.max,FP.C.checked,FP.C.processed,FP.C.sat,FP.C.false,FP.C.skipped,FP.C.len.sat,FP.C.len.unsat,FP.C.par.sat,FP.C.par.unsat,FP.C.l.lasso,FP.C.s.lasso,FP.C.states,FP.C.final,FP.C.mean,FP.C.stddev,FP.C.median,FP.C.user,FP.C.system,FP.C.min,FP.C.max,,,,,,,,,,,,,,,
../../ARMCautomata/Bakery-4P-BinEnc-BwBad/armcNFA_inclTest_35,../../ARMCautomata/Bakery-4P-BinEnc-BwBad/armcNFA_inclTest_0,434,1,1,434,4,1,1,4,21,1,0.07747772968500001,0.0022558558939617572,0.07747772968500001,0.068792415,0.0037014299999999995,0.07588259868500001,0.07907286068500001,24,20,20,0,1,64,8,21,1,0.70653948067,0.012367685097468764,0.70653948067,0.65876929,0.035099855,0.69779420667,0.71528475467,24,20,20,0,1,64,8,21,1,0.51599783399,0.028626396378257635,0.51599783399,0.45610792999999994,0.04814473,0.49575591499000005,0.53623975299,13,9,7,2,1,7,1,36.939678970494995,0.06338048324864717,36.939678970494995,36.80026459999999,0.05834921,36.894862200995,36.984495739995,13,9,7,2,1,7,1,8.985741843495001,0.0037584281054983287,8.985741843495001,8.87918956,0.07900360999999999,8.983084233495001,8.988399453495001,13,9,7,2,1,7,1,3.19216997471,0.13131491518747507,3.19216997471,3.0568813649999997,0.11382423,3.09931630771,3.28502364171,13,9,7,2,1,8,0,6,2,44,10,7,1,3.31244339342,0.067793681626924,3.31244339342,3.221559405,0.068137725,3.2645060214200003,3.36038076542,59,1,0.09676950714500002,0.03016017391915479,0.09676950714500002,0.0812737,0.009552612499999998,0.07544304364500001,0.11809597064500002,59,58,58,0,1,172,8,59,1,1.129765247465,0.026701180786751554,1.129765247465,1.06362557,0.04938283,1.110884661465,1.148645833465,59,58,58,0,1,172,8,59,1,0.5730026634350001,0.004854616150392111,0.5730026634350001,0.50075057,0.05407724,0.5695699314350001,0.5764353954350001,42,41,37,4,1,37,1,184.09950940546003,1.080662690319199,184.09950940546003,183.55959897499997,0.08866044,183.33536548896,184.86365332196002,42,41,37,4,1,37,1,25.892580000754997,0.4999273043412369,25.892580000754997,25.788776524999996,0.0345537125,25.539078013755,26.246081987754998,42,41,37,4,1,37,1,5.9405172048849995,0.04009861064041957,5.9405172048849995,5.848568074999999,0.067971935,5.912163205385,5.968871204385,42,41,37,4,1,40,0,36,4,146,10,37,1,6.028965561425,0.004001076040102873,6.028965561425,5.917852245,0.08327315499999999,6.026136373425,6.031794749425,,,,,,,,,,,,,,,
../../modified_automata/ARMCautomata/IBakery-5P-UnrEnc-BwBad-Nondet/armcNFA_inclTest_30_removed_transitions,../../modified_automata/ARMCautomata/IBakery-5P-UnrEnc-BwBad-Nondet/armcNFA_inclTest_15,821,1,1,821,221,1,1,221,6,1,0.10985123771500001,0.01962448086937396,0.10985123771500001,0.09502721,0.0058694175,0.09597463421500001,0.12372784121500001,388,2,2,0,4,11,11,6,1,0.53324653289,0.01751841564751169,0.53324653289,0.48034053499999996,0.039228935,0.52085914239,0.54563392339,388,2,2,0,4,11,11,6,1,0.533831631705,0.003237781846976773,0.533831631705,0.48043376000000004,0.035455839999999995,0.531542174205,0.536121089205,389,2,2,0,5,6,1,8.444686792025,0.13624887366846347,8.444686792025,8.367455215,0.04958016,8.348344289525,8.541029294525,389,2,2,0,5,6,1,19.68280352405,7.408816035124268,19.68280352405,19.53259365,0.077735315,14.443979465049999,24.92162758305,389,2,2,0,5,6,1,2.198443088575,0.029946068349772554,2.198443088575,2.136097905,0.047603375,2.177268020575,2.219618156575,389,2,2,0,5,2,0,2,0,13,13,6,1,2.38530259823,0.011493105024905699,2.38530259823,2.3103833049999993,0.054409635,2.3771757457300002,2.3934294507300002,1157,1,0.10681611225,0.006878526170882287,0.10681611225,0.075804065,0.017317174999999997,0.10195225975,0.11167996475,1007,1011,414,597,38,209,666,410,1,9.50922158354,0.09527890806950906,9.50922158354,9.441789725,0.039721055,9.44184922154,9.576593945539999,1007,1011,414,597,38,209,666,410,1,0.58531938167,0.01296833129589345,0.58531938167,0.5515845449999999,0.018685275,0.57614938667,0.59448937667,404,398,29,369,8,34,1,1046.088827665815,19.8410479757493,1046.088827665815,1043.6603361050002,0.12394021,1032.059088096315,1060.118567235315,404,398,29,369,8,34,1,160.58137895115502,52.83980146577448,160.58137895115502,160.11341048999998,0.08602336499999999,123.217997018155,197.94476088415502,404,398,29,369,8,34,1,68.674632444835,0.10022531870090695,68.674632444835,68.48112036999999,0.044205894999999995,68.60376244233501,68.745502447335,404,398,29,369,8,107,291,29,78,221,476,34,1,21.60113395826,0.2787205111642172,21.60113395826,21.474453654999998,0.06920553,21.40404879476,21.79821912176,,,,,,,,,,,,,,,
../../modified_automata/ARMCautomata/IBakery-5P-UnrEnc-BwBad-Nondet/armcNFA_inclTest_30_removed_transitions,../../modified_automata/ARMCautomata/IBakery-5P-UnrEnc-BwBad-Nondet/armcNFA_inclTest_29,821,1,1,821,710,1,1,710,577,1,0.16633372736500002,0.003662483614786293,0.16633372736500002,0.152136,0.009352159999999998,0.163743960365,0.168923494365,955,32,2,30,4,35,29,6,1,1.2011290896000002,0.019924655476162255,1.2011290896000002,1.15940012,0.02600752,1.1870402306,1.2152179486,955,32,2,30,4,35,29,6,1,0.9262252983050001,0.010632340404633445,0.9262252983050001,0.8679007649999999,0.044441289999999994,0.9187070983050001,0.9337434983050001,,,,,,,,,,,,,,,956,32,2,30,5,6,1,51.69821330908,5.354210795641041,51.69821330908,51.476801664999996,0.09152844499999999,47.91221454758,55.48421207058,956,32,2,30,5,6,1,11.609212950225,0.06561508775540884,11.609212950225,11.524762714999998,0.05445477,11.562816076725,11.655609823725,956,32,2,30,5,2,30,2,0,37,32,6,1,4.54231150036,0.08593009163062985,4.54231150036,4.4595060449999995,0.059062359999999994,4.48154974986,4.60307325086,6897,1,0.5149534386500001,0.006591691133521121,0.5149534386500001,0.49986201499999994,0.009996327499999999,0.5102924091500001,0.5196144681500001,4352,4466,1343,3123,64,310,2268,1229,1,41.347894904435,0.8619786589759737,41.347894904435,41.20509115,0.039484655,40.738383949435004,41.957405859435,4352,4466,1343,3123,64,310,2268,1229,1,1.398284161905,0.00793499814919699,1.398284161905,1.33193448,0.049221919999999995,1.392673270905,1.4038950529049998,,,,,,,,,,,,,,,1208,1211,175,1036,10,171,1,865.33322616259,6.647051307601672,865.33322616259,863.45406826,0.126023175,860.63305110809,870.03340121709,1208,1211,175,1036,10,171,1,339.306317763735,4.274644383169317,339.306317763735,338.56240687499997,0.08898487499999999,336.283687733235,342.32894779423503,1208,1211,175,1036,10,377,834,175,202,322,1487,171,1,127.72094626430999,0.8784501188882311,127.72094626430999,127.36216990999998,0.079475565,127.09978822830999,128.34210430030998,,,,,,,,,,,,,,,
../../modified_automata/ARMCautomata/IBakery-5P-UnrEnc-BwBad-Nondet/armcNFA_inclTest_30_removed_transitions,../../modified_automata/ARMCautomata/IBakery-5P-UnrEnc-BwBad-Nondet/armcNFA_inclTest_22,821,1,1,821,770,1,1,770,6436,1,1.258593577315,0.03516892449860315,1.258593577315,1.2410210099999999,0.0099337325,1.233725392315,1.283461762315,2002,8,2,6,4,35,11,6,1,1.260182972595,0.026732157720621798,1.260182972595,1.19991954,0.03907864,1.241280482595,1.279085462595,2002,8,2,6,4,35,11,6,1,1.18557753928,0.013721229605122875,1.18557753928,1.104415145,0.06683618499999999,1.17587516478,1.19527991378,,,,,,,,,,,,,,,2003,8,2,6,5,6,1,42.989215542560004,7.557256450055474,42.989215542560004,42.830034399999995,0.071436245,37.64542825956,48.33300282556,2003,8,2,6,5,6,1,5.70950474138,0.05457612206072009,5.70950474138,5.6471874500000006,0.039379609999999995,5.67091359538,5.74809588738,2003,8,2,6,5,2,6,2,0,37,13,6,1,5.104430262419999,0.04627492250193475,5.104430262419999,5.04100762,0.034600275,5.07170895092,5.13715157392,19107,1,2.6066729187,0.14541301149376698,2.6066729187,2.5751937099999997,0.0216680875,2.5038503922,2.7094954452,5880,6086,1595,4491,72,310,2464,1389,1,55.062418590694996,0.2865772693622922,55.062418590694996,54.890873935,0.078932565,54.859777860194995,55.265059321195,5880,6086,1595,4491,72,310,2464,1389,1,2.0667605216049996,0.01530874301874954,2.0667605216049996,2.0059577999999996,0.044704394999999994,2.0559356056049998,2.077585437605,,,,,,,,,,,,,,,2255,2358,175,2183,10,171,1,1323.341912859745,46.11624728485958,1323.341912859745,1320.39672319,0.22409304,1290.732801681745,1355.951024037745,2255,2358,175,2183,10,171,1,649.9415499678951,1.2755238862036358,649.9415499678951,648.42841875,0.11927635,649.0396183783951,650.8434815573951,2255,2358,175,2183,10,528,1830,175,353,322,1659,171,1,175.35236956425,3.216577797038488,175.35236956425,174.95880677499997,0.085021775,173.07790559175,177.62683353675,,,,,,,,,,,,,,,
../../modified_automata/ARMCautomata/BubbleSort-full-FwBad-Nondet/armcNFA_inclTest_39,../../modified_automata/ARMCautomata/BubbleSort-full-FwBad-Nondet/armcNFA_inclTest_50,55,1,1,55,22,1,1,22,15,1,0.09369810933,0.004125735430092494,0.09369810933,0.07121588499999999,0.013059634999999998,0.09078077383000001,0.09661544483000001,23,12,12,0,4,37,46,15,1,0.8389864895750001,0.4640183367346869,0.8389864895750001,0.44934789499999994,0.039644405,0.5108759770750001,1.167097002075,23,12,12,0,4,37,46,15,1,0.3784702120350001,0.010373817922790905,0.3784702120350001,0.29940429,0.058909674999999995,0.37113481503500007,0.38580560903500005,,,,,,,,,,,,,,,24,12,12,0,5,15,1,1.9245728331,0.03313071465767718,1.9245728331,1.83005001,0.05160521999999999,1.9011458801,1.9479997861000002,24,12,12,0,5,15,1,0.924596464965,0.011808421616306358,0.924596464965,0.8429846049999999,0.0596725,0.916246649965,0.9329462799650001,24,12,12,0,5,12,0,12,0,43,51,15,1,0.9490440546000001,0.050603902341250444,0.9490440546000001,0.8712903799999999,0.046661154999999996,0.9132616921000001,0.9848264171000001,58,1,0.08247145359000001,0.0009069401072973279,0.08247145359000001,0.060603529999999996,0.017620854999999998,0.08183015009000001,0.08311275709,58,68,68,0,10,85,96,58,1,1.02721907417,0.003427524759320072,1.02721907417,0.9503812399999999,0.05574086,1.0247954481700001,1.0296427001700001,58,68,68,0,10,85,96,58,1,0.38729711198000005,0.008193272436559446,0.38729711198000005,0.33018319999999995,0.03826881,0.38150359348,0.39309063048000004,,,,,,,,,,,,,,,59,71,48,23,10,47,1,3.52048345769,0.06634073770482511,3.52048345769,3.434080055,0.056304379999999994,3.47357347219,3.56739344319,59,71,48,23,10,47,1,1.7691232140850002,0.027316416012285696,1.7691232140850002,1.7005444299999999,0.044795724999999995,1.7498075910850002,1.7884388370850002,59,71,48,23,10,71,0,48,23,96,105,47,1,1.7621358022500002,0.00948095560440025,1.7621358022500002,1.67973516,0.060989375,1.7554317542500002,1.7688398502500002,,,,,,,,,,,,,,,
../../modified_automata/ARMCautomata/BubbleSort-full-FwBad-Nondet/armcNFA_inclTest_39,../../modified_automata/ARMCautomata/BubbleSort-full-FwBad-Nondet/armcNFA_inclTest_6,55,1,1,55,3,1,2,3,16,1,0.100336517875,0.009549967812030477,0.100336517875,0.078867275,0.012777475,0.093583670875,0.10708936487500001,23,32,31,1,1,61,3,15,1,0.75223014848,0.014440471045781318,0.75223014848,0.6881997499999999,0.045475215,0.7420191934800001,0.76244110348,23,32,30,2,1,61,3,14,1,0.388383398375,0.020737637355695834,0.388383398375,0.327702155,0.040206565,0.37371967437500003,0.403047122375,,,,,,,,,,,,,,,24,32,18,14,2,14,1,2.132637107405,0.033694181888653474,2.132637107405,2.0701187049999996,0.034483635,2.108811722905,2.1564624919049997,24,32,18,14,2,14,1,1.063402587885,0.033526161296628415,1.063402587885,0.997292765,0.048678715,1.039696011885,1.087109163885,24,33,18,15,2,31,2,18,13,70,6,14,1,1.09026264264,0.0017285515179885599,1.09026264264,1.014480525,0.053219585,1.08904037214,1.09148491314,49,2,0.07908138740500001,0.0009404704037544275,0.07908138740500001,0.051533445,0.0224626,0.078416374405,0.07974640040500001,49,97,89,8,4,151,5,41,2,1.411439949945,0.0026733748710879375,1.411439949945,1.3493847899999998,0.039688915000000005,1.409549588445,1.413330311445,49,97,88,9,4,151,5,40,2,0.41239304134000004,0.004825155960567557,0.41239304134000004,0.34884119999999996,0.044960505,0.40898114084000003,0.41580494184000005,,,,,,,,,,,,,,,50,97,83,14,5,47,2,4.239058729330001,0.26636625543873843,4.239058729330001,4.16350921,0.043615459999999995,4.05070934383,4.42740811483,50,97,83,14,5,47,2,1.772760710885,0.03963243069593287,1.772760710885,1.7008499849999998,0.044674029999999997,1.744736350385,1.800785071385,49,97,75,22,4,88,9,75,13,171,6,38,1,1.69808512097,0.00039869225907708706,1.69808512097,1.6266571149999998,0.0508388,1.69780320297,1.69836703897,,,,,,,,,,,,,,,
../../modified_automata/ARMCautomata/BubbleSort-full-FwBad-Nondet/armcNFA_inclTest_39,../../modified_automata/ARMCautomata/BubbleSort-full-FwBad-Nondet/armcNFA_inclTest_59_removed_transitions,55,1,1,55,53,1,1,53,19,0,0.10338940354000001,0.008210878688304196,0.10338940354000001,0.08556587499999999,0.008993665,0.09758343554000001,0.10919537154000002,1,1,0,0,0,8,3,0,0,0.38519309457500006,0.002596352557840444,0.38519309457500006,0.330352105,0.03642422,0.383357196075,0.38702899307500005,1,1,0,0,0,8,3,0,0,0.354561284405,0.0027486859859249964,0.354561284405,0.2811364249999999,0.05472703500000001,0.35261766990500004,0.35650489890500003,,,,,,,,,,,,,,,1,1,0,1,0,0,0,1.367191304065,0.013442106274317177,1.367191304065,1.31260833,0.0367195,1.357686299565,1.376696308565,1,1,0,1,0,0,0,0.7722579796400001,0.01036628864978483,0.7722579796400001,0.703378335,0.04827376,0.7649279066400001,0.7795880526400001,1,1,0,0,0,0,0,0,0,9,3,0,0,0.75584279859,0.013382865575296223,0.75584279859,0.6852223399999999,0.05149975,0.7463796835900001,0.76530591359,19,0,0.10218784401,0.008463054886785533,0.10218784401,0.08601979999999998,0.008427125,0.09620356051000001,0.10817212751000001,1,1,0,0,0,8,3,0,0,0.37905591591,0.012177893394757647,0.37905591591,0.30434812499999997,0.054559055,0.37044484491,0.38766698691,1,1,0,0,0,8,3,0,0,0.369999542505,0.01894883468309597,0.369999542505,0.31258234,0.038641865,0.356600693005,0.38339839200500003,,,,,,,,,,,,,,,1,1,0,1,0,0,0,1.41969950512,0.007603929340031905,1.41969950512,1.349721675,0.04864114,1.4143227151200002,1.42507629512,1,1,0,1,0,0,0,0.80069044783,0.06228363052338084,0.80069044783,0.708465175,0.07382857,0.75664927033,0.84473162533,1,1,0,0,0,0,0,0,0,9,3,0,0,0.78469265567,0.022627868132095896,0.78469265567,0.71596956,0.04762551499999999,0.76869233667,0.80069297467,,,,,,,,,,,,,,,
../../modified_automata/ARMCautomata/BubbleSort-full-FwBad-Nondet/armcNFA_inclTest_39,../../modified_automata/ARMCautomata/BubbleSort-full-FwBad-Nondet/armcNFA_inclTest_59_changed_final,55,1,1,55,53,1,1,53,19,0,0.086217729975,0.019702698900188477,0.086217729975,0.06564974999999999,0.012241934999999999,0.072285817975,0.10014964197500001,1,1,0,0,0,8,3,0,0,0.39407279454,0.01429066340311921,0.39407279454,0.337475145,0.035783995,0.38396776954,0.40417781954000004,1,1,0,0,0,8,3,0,0,0.394505417615,0.0038092436272215415,0.394505417615,0.32485157499999995,0.046160965,0.391811875615,0.397198959615,,,,,,,,,,,,,,,1,1,0,1,0,0,0,1.444548342725,0.021475157506648024,1.444548342725,1.3667601999999999,0.05593305999999999,1.429363113225,1.459733572225,1,1,0,1,0,0,0,0.78123688519,0.03360739443075807,0.78123688519,0.70962591,0.047977254999999996,0.75747286869,0.80500090169,1,1,0,0,0,0,0,0,0,9,3,0,0,0.7677559111000001,0.020055146375775948,0.7677559111000001,0.7122495249999999,0.036119620000000005,0.7535747811000001,0.7819370411000001,19,0,0.084249932375,0.00047240248416154806,0.084249932375,0.06314672999999998,0.013196904999999998,0.08391589337500001,0.08458397137500001,1,1,0,0,0,8,3,0,0,0.41124021481000006,0.05045307222218269,0.41124021481000006,0.34085338,0.05028455,0.37556450531,0.44691592431000005,1,1,0,0,0,8,3,0,0,0.40136078921499996,0.028959869350478784,0.40136078921499996,0.338623545,0.044096945,0.380883069215,0.421838509215,,,,,,,,,,,,,,,1,1,0,1,0,0,0,1.45846645253,0.01492349427379644,1.45846645253,1.37695136,0.05909916,1.4479139485299999,1.46901895653,1,1,0,1,0,0,0,0.8030483283650001,0.021850839803958483,0.8030483283650001,0.73256106,0.04794736499999999,0.787597451365,0.818499205365,1,1,0,0,0,0,0,0,0,9,3,0,0,0.7538767280500001,0.02586738521911377,0.7538767280500001,0.688523605,0.045979715000000004,0.73558572455,0.7721677315500001,,,,,,,,,,,,,,,
../../modified_automata/ARMCautomata/ProdConsDHeadQ-FwBad-Nondet/armcNFA_inclTest_19,../../modified_automata/ARMCautomata/IProdConsDHeadQ-FwBad-Nondet/armcNFA_inclTest_16,64,1,1,64,64,1,1,64,1,0,0.1003552362,0.0022985184744978722,0.1003552362,0.08383062999999999,0.007554509999999999,0.0987299382,0.10198053420000001,1,1,1,0,0,15,18,1,0,0.3946214759300001,0.0020219619413080116,0.3946214759300001,0.3448812,0.032340245,0.39319173293000004,0.39605121893000006,1,1,1,0,0,15,18,1,0,0.393787585565,0.014060036283794514,0.393787585565,0.3236607899999999,0.053236165,0.383845638565,0.403729532565,,,,,,,,,,,,,,,1,1,1,0,0,1,0,1.4326782268,0.0464831788840231,1.4326782268,1.3430929600000001,0.06724689,1.3998096558,1.4655467978,1,1,1,0,0,1,0,0.7264093432250001,0.007062968610793755,0.7264093432250001,0.6537172849999999,0.05009041,0.7214150702250001,0.731403616225,1,1,1,0,0,1,0,1,0,15,18,1,0,0.74046926646,0.023428446651580715,0.74046926646,0.6681269750000001,0.05290805999999999,0.72390285296,0.75703567996,1,0,0.08656979683,0.003454369361161019,0.08656979683,0.05970582499999999,0.01950594,0.08412718883,0.08901240483,1,1,1,0,0,15,18,1,0,0.39552800880500005,0.02436251137500437,0.39552800880500005,0.327358995,0.050914105,0.37830111180500003,0.412754905805,1,1,1,0,0,15,18,1,0,0.39882360193000005,0.019214710368355988,0.39882360193000005,0.328455705,0.050042279999999995,0.38523674993000007,0.41241045393000003,,,,,,,,,,,,,,,1,1,1,0,0,1,0,1.49136367387,0.12586797760679325,1.49136367387,1.4231650949999999,0.045226425,1.4023615733700001,1.5803657743700001,1,1,1,0,0,1,0,0.6935833394450001,0.00398102107757525,0.6935833394450001,0.6283634499999999,0.04803011,0.690768332445,0.6963983464450001,1,1,1,0,0,1,0,1,0,15,18,1,0,0.74520245218,0.0028301475155448363,0.74520245218,0.6769589149999999,0.048370029999999994,0.7432012356800001,0.7472036686800001,,,,,,,,,,,,,,,
../../modified_automata/ARMCautomata/IProdConsDHeadQ-FwBad-Nondet/armcNFA_inclTest_19,../../modified_automata/ARMCautomata/IProdConsDHeadQ-FwBad-Nondet/armcNFA_inclTest_16,64,1,1,64,64,1,1,64,320,1,0.102170767925,0.01563318411605456,0.102170767925,0.079718105,0.016443555,0.091116437425,0.113225098425,397,314,300,14,13,117,117,306,1,4.2219182251100005,0.09878603113208106,4.2219182251100005,4.150602919999999,0.04304907499999999,4.15206595261,4.29177049761,229,146,132,14,13,117,117,138,1,0.40725897473000006,0.011222083723598966,0.40725897473000006,0.351128025,0.037372724999999996,0.39932376323,0.41519418623000004,,,,,,,,,,,,,,,398,314,314,0,14,320,1,17.178900137005,3.2758896720138946,17.178900137005,17.016680394999998,0.051028624999999994,14.862496335505,19.495303938505,398,314,314,0,14,320,1,10.026280869645,1.8208690911427163,10.026280869645,8.563173845000001,0.058172025,8.738731987645,11.313829751645,244,160,134,26,14,134,26,134,0,119,119,140,1,3.870842634325,0.014019173290016465,3.870842634325,3.7872687349999996,0.05582894,3.8609295818250002,3.880755686825,1086,1,0.10694550328,0.00018316045531718513,0.10694550328,0.082522345,0.014679795,0.10681598928000001,0.10707501728,1082,1081,899,182,13,500,500,900,1,13.08847970882,0.0948593922228335,13.08847970882,12.986642999999999,0.043488679999999995,13.02140398932,13.15555542832,914,913,731,182,13,500,500,732,1,0.634717805925,0.04081665707061824,0.634717805925,0.56861516,0.049957014999999994,0.605856070925,0.663579540925,,,,,,,,,,,,,,,1083,1081,913,168,14,914,1,50.426169752090004,0.8572359537874173,50.426169752090004,50.14649326999999,0.071783235,49.82001239609,51.03232710809,1083,1081,913,168,14,914,1,25.834785602815003,0.06497182635260235,25.834785602815003,25.698834059999996,0.05978122,25.788843583815,25.880727621815,929,927,733,194,14,733,194,733,0,503,503,734,1,18.990269266654998,0.691106213378368,18.990269266654998,18.816642269999996,0.05449999,18.501583376655,19.478955156655,,,,,,,,,,,,,,,
../../modified_automata/ARMCautomata/IProdConsDHeadQ-FwBad-Nondet/armcNFA_inclTest_19_changed_final,../../modified_automata/ARMCautomata/IProdConsDHeadQ-FwBad-Nondet/armcNFA_inclTest_16,64,1,1,64,64,1,1,64,1086,0,0.11440284578500001,0.006336186583420705,0.11440284578500001,0.08277424,0.02479526,0.10992248528500001,0.11888320628500001,124,125,32,93,0,234,341,32,0,1.6084569970050002,0.011526521477171127,1.6084569970050002,1.537911555,0.046165679999999994,1.600306515505,1.6166074785050002,124,125,32,93,0,234,341,32,0,0.47426878555,0.00008424470191057769,0.47426878555,0.3900631,0.06523320499999999,0.47420921555,0.47432835555,,,,,,,,,,,,,,,1,1,0,1,0,0,0,1.23295954058,0.00635596860273113,1.23295954058,1.1588354399999998,0.0513613,1.22846519208,1.23745388908,1,1,0,1,0,0,0,0.69979091399,0.030527638928561106,0.69979091399,0.6495080799999999,0.03076085,0.67820461349,0.72137721449,1,1,0,1,0,1,0,0,1,18,18,0,0,0.732983123495,0.02132958331228475,0.732983123495,0.6618866800000001,0.0534868,0.7179008304950001,0.748065416495,1086,0,0.105985769295,0.01789737255632582,0.105985769295,0.08356364,0.01523238,0.09333041579500001,0.11864112279500001,124,125,32,93,0,234,341,32,0,1.5974847478499998,0.007425072336585229,1.5974847478499998,1.5330127199999999,0.04178563,1.5922344288499999,1.60273506685,124,125,32,93,0,234,341,32,0,0.48140791129500005,0.005498024631409018,0.48140791129500005,0.422530485,0.039131114999999994,0.47752022079500006,0.48529560179500003,,,,,,,,,,,,,,,1,1,0,1,0,0,0,1.23127379412,0.02004665897308142,1.23127379412,1.1533921649999999,0.054706164999999994,1.21709866562,1.24544892262,1,1,0,1,0,0,0,0.711262015205,0.02646370745957148,0.711262015205,0.644318135,0.04693511,0.692549348205,0.7299746822050001,1,1,0,1,0,1,0,0,1,18,18,0,0,0.7563451184850001,0.027104586619632023,0.7563451184850001,0.6852575949999999,0.05251923,0.7371792814850001,0.775510955485,,,,,,,,,,,,,,,
../../modified_automata/ARMCautomata/IProdConsDHeadQ-FwBad-Nondet/armcNFA_inclTest_19_changed_final2,../../modified_automata/ARMCautomata/IProdConsDHeadQ-FwBad-Nondet/armcNFA_inclTest_16,64,1,1,64,64,1,1,64,1086,0,0.11216441758000001,0.010109770815667026,0.11216441758000001,0.09284362499999999,0.01195091,0.10501573008000001,0.11931310508000002,986,997,808,189,1,500,500,797,0,10.70349670741,0.12266456680623683,10.70349670741,10.579555424999999,0.055860515,10.61675976041,10.79023365441,902,913,718,195,1,500,500,707,0,0.62931959922,0.02274363918984563,0.62931959922,0.5641053199999999,0.043843295,0.6132374177200001,0.64540178072,,,,,,,,,,,,,,,1,1,0,1,0,0,0,1.23216746995,0.00819464988056914,1.23216746995,1.15784747,0.051353289999999996,1.22637297745,1.23796196245,1,1,0,1,0,0,0,0.6989266902850001,0.012181078203700044,0.6989266902850001,0.6399776049999999,0.04065114,0.6903133672850001,0.707540013285,1,1,0,1,0,1,0,0,1,18,18,0,0,0.717900166145,0.028656055265087733,0.717900166145,0.644044855,0.054743335,0.697637275145,0.738163057145,1086,0,0.10629568221500002,0.02100016701166732,0.10629568221500002,0.08115982,0.017518815,0.09144632171500001,0.12114504271500001,986,997,808,189,1,500,500,797,0,10.66621212012,0.23950253696594287,10.66621212012,10.55785385,0.040544535,10.496858252120001,10.83556598812,902,913,718,195,1,500,500,707,0,0.640190320135,0.0039543249681582935,0.640190320135,0.56634595,0.05225029,0.637394190135,0.642986450135,,,,,,,,,,,,,,,1,1,0,1,0,0,0,1.22093767133,0.010874546397499922,1.22093767133,1.144173265,0.056301674999999995,1.21324820583,1.22862713683,1,1,0,1,0,0,0,0.73471830919,0.027185081534282035,0.73471830919,0.676839875,0.0395248,0.7154955536900001,0.7539410646900001,1,1,0,1,0,1,0,0,1,18,18,0,0,0.79695613147,0.0263056379812779,0.79695613147,0.72841942,0.03828092499999999,0.77835523647,0.8155570264700001,,,,,,,,,,,,,,,
../../modified_automata/ARMCautomata/ProdConsDHeadQ-FwBad-Nondet/armcNFA_inclTest_19,../../modified_automata/ARMCautomata/ProdConsDHeadQ-FwBad-Nondet/armcNFA_inclTest_10,64,1,1,64,42,1,1,42,19,1,0.09381127338,0.0020401324642641463,0.09381127338,0.0721764,0.013252914999999997,0.09236868188000001,0.09525386488000001,20,6,6,0,13,45,44,19,1,0.82655579055,0.5307304080301183,0.82655579055,0.42525647999999994,0.044709075,0.45127272005,1.20183886105,20,6,6,0,13,45,44,19,1,0.425850278565,0.0237687630032302,0.425850278565,0.36297013499999997,0.042151335,0.409043225065,0.442657332065,,,,,,,,,,,,,,,21,6,6,0,14,19,1,1.3201116319650001,0.011700853704325075,1.3201116319650001,1.2244610099999997,0.053638825,1.311837878965,1.328385384965,21,6,6,0,14,19,1,0.770554878195,0.040212770908922175,0.770554878195,0.71931878,0.032089839999999994,0.7421201551950001,0.7989896011950001,21,6,6,0,14,6,0,6,0,49,47,19,1,0.78626107023,0.031675133934391024,0.78626107023,0.7267256599999999,0.03208405,0.76386336823,0.80865877223,209,1,0.08692776169000001,0.002777432705007355,0.08692776169000001,0.068104045,0.01085636,0.08496382019000001,0.08889170319,209,171,166,5,49,166,103,204,1,2.1899074664750002,0.01530189115403972,2.1899074664750002,2.124104885,0.038821605,2.1790873954750003,2.200727537475,209,170,165,5,50,166,103,204,1,0.40715575961000006,0.013439313202531626,0.40715575961000006,0.33526178500000003,0.054839505,0.39765273011,0.41665878911000004,,,,,,,,,,,,,,,202,166,162,4,47,197,1,7.10123938958,0.12450609913861634,7.10123938958,6.977306745,0.056194065,7.01320028258,7.18927849658,202,166,162,4,47,197,1,4.157873760669999,0.10772915849028379,4.157873760669999,4.055032595,0.05332945,4.081697742169999,4.234049779169999,202,166,158,8,47,162,4,158,4,183,115,193,1,4.154498061889999,0.00030412945501568495,4.154498061889999,4.073235769999999,0.04475098999999999,4.154283009889999,4.15471311389,,,,,,,,,,,,,,,
../../modified_automata/ARMCautomata/IBakery5PUnrEnc-Rev-FwBad-Nondet-Partial/armcNFA_inclTest_4,../../modified_automata/ARMCautomata/IBakery5PUnrEnc-Rev-FwBad-Nondet-Partial/armcNFA_inclTest_5,148,109,1,148,9,1,1,9,7,1,0.08841158629500001,0.02371081348119161,0.08841158629500001,0.06442384500000001,0.01591988,0.071645509295,0.105177663295,31,15,15,0,3,73,17,17,1,0.559677295405,0.04643876974973736,0.559677295405,0.49281236,0.048089824999999996,0.526840126405,0.592514464405,22,3,3,0,1,7,13,4,1,0.3961110951,0.009442312925915172,0.3961110951,0.321670065,0.05481129999999999,0.3894343716,0.4027878186,,,,,,,,,,,,,,,17,12,12,0,0,9,1,2.04921794938,0.07439080616895195,2.04921794938,1.9926009249999999,0.033113525,1.99661570588,2.10182019288,23,4,4,0,1,4,1,1.63638275394,0.15144415786863816,1.63638275394,1.57470616,0.03918551,1.52929556294,1.7434699449400002,28,15,15,0,3,14,0,14,0,68,20,16,1,1.765923855845,0.17044864468384058,1.765923855845,1.697840455,0.041597949999999995,1.6453984633449998,1.886449248345,276,1,0.08818669974500001,0.00032662181461821775,0.08818669974500001,0.07140774999999999,0.010529085,0.08795574324500001,0.088417656245,276,699,699,0,4,702,22,276,1,8.16195393584,0.07709539202625476,8.16195393584,8.073722364999998,0.04845753999999999,8.10743926134,8.21646861034,276,579,579,0,2,702,22,276,1,0.6176473664,0.0029269709399858956,0.6176473664,0.543707355,0.053972895,0.6155776854,0.6197170474,,,,,,,,,,,,,,,266,669,650,19,5,246,1,26.418166435609997,0.9195487765071519,26.418166435609997,26.26659257,0.064878935,25.76794726011,27.06838561111,266,599,580,19,5,246,1,19.115421943325,0.05901745056096481,19.115421943325,18.99381219,0.051609905,19.073690303825,19.157153582825,266,589,569,20,7,585,3,568,17,742,25,245,1,18.79698086378,0.5842471568533989,18.79698086378,18.680309174999998,0.052495835,18.38385573728,19.21010599028,,,,,,,,,,,,,,,
../../modified_automata/ARMCautomata/IBakery4pBinEnc-FbtOneOne-Nondet/armcNFA_inclTest_152,../../modified_automata/ARMCautomata/IBakery4pBinEnc-FbtOneOne-Nondet/armcNFA_inclTest_100,1000,82,1,1000,842,70,1,842,344,1,0.15206834553,0.04026986695307587,0.15206834553,0.13028911999999998,0.02182201,0.12359324953000002,0.18054344153000002,507,444,444,0,45,879,41,489,1,2.191560504075,2.2320137339817467,2.191560504075,2.1250130699999996,0.043077439999999995,0.613288457075,3.769832551075,67,40,40,0,22,189,32,62,1,0.36929911596,0.00043409568139754517,0.36929911596,0.33220770499999996,0.036404544999999996,0.36899216396,0.36960606796,,,,,,,,,,,,,,,,,,,,,,,,,,,,,,,,,,,,,,,,,,,,,,,,,,,,,,,,,,,,,,,,,,,,,,,,,,,,,,,,,,,,,,,,,,,,,,,,,,,,,,,,,,,,,,,,,,,,,,,,,,,,,,,,,,,,,,,,,,,,,,,,,,,,,,,,,,,,,,,,,,,,,,,,,,,,,,,,,,,,
../../modified_automata/ARMCautomata/IBakery4pBinEnc-FbtOneOne-Nondet/armcNFA_inclTest_100,../../modified_automata/ARMCautomata/IBakery4pBinEnc-FbtOneOne-Nondet/armcNFA_inclTest_15,842,70,1,842,125,2,1,125,7,1,0.046733559415,0.018599619392605272,0.046733559415,0.04044459,0.004130115,0.033581642415,0.05988547641500001,31,22,22,0,4,40,79,26,1,0.5410390488450001,0.3164720689348939,0.5410390488450001,0.510523965,0.030348319999999998,0.31725950284500004,0.764818594845,9,6,6,0,3,10,27,9,1,0.210273636845,0.011709488185230153,0.210273636845,0.183797785,0.02554257,0.201993778345,0.21855349534500002,,,,,,,,,,,,,,,27,4,4,0,4,7,1,21.918113144415,4.481890555740427,21.918113144415,21.7922167,0.09898420999999999,18.748937939915,25.087288348915,20,5,3,2,4,6,1,1.76901851684,0.035708151402014034,1.76901851684,1.7352511800000001,0.030600339999999997,1.74376904084,1.79426799284,11,6,3,3,4,6,0,3,3,20,31,6,1,2.257959139195,0.06305705897089516,2.257959139195,2.215397565,0.038739029999999994,2.213371065195,2.302547213195,5943,1,0.360035691245,0.013784409596021886,0.360035691245,0.35294395999999995,0.007817375,0.350288641745,0.369782740745,5943,5963,5963,0,246,2454,514,5943,1,28.508860217859997,0.9019447867969814,28.508860217859997,28.390552319999998,0.08231284999999999,27.87108894286,29.14663149286,5943,5994,5994,0,221,2454,514,5943,1,0.8935064571850001,0.022170617532041637,0.8935064571850001,0.856956545,0.035284659999999995,0.8778294631850001,0.9091834511850001,,,,,,,,,,,,,,,,,,,,,,,,,,,,,,,,,,,,,,,,,,,,,,,,,,,,,,,,,,,,,,,,,,,,,,,,,,,,,
../../modified_automata/ARMCautomata/Bakery5PUnrEnc-FlOneOne-Nondet/armcNFA_inclTest_57,../../modified_automata/ARMCautomata/Bakery5PUnrEnc-FlOneOne-Nondet/armcNFA_inclTest_54,1323,1,1,1323,1323,1,71,1323,5525,0,0.093630426705,0.013988321514046562,0.093630426705,0.081823225,0.010738935000000002,0.08373918970500001,0.103521663705,90,90,25,65,0,309,603,25,0,3.1849835918,0.005450897378656731,3.1849835918,3.1535996649999998,0.02793955,3.1811292253,3.1888379583,90,90,25,65,0,309,603,25,0,2.762469926005,0.02097430882378627,2.762469926005,2.7260429999999998,0.030581359999999995,2.747638850005,2.777301002005,,,,,,,,,,,,,,,,,,,,,,,,,,,,,,,,,,,,,,,,,,,,,,,,,,,,,,,,,,,,,,,,,,,,,,,,,,,,,,,,,,,,,,,,,,,,,,,,,,,,,,,,,,,,,,,,,,,,,,,,,,,,,,,,,,,,,,,,,,,,,,,,,,,,,,,,,,,,,,,,,,,,,,,,,,,,,,,,,,,,
../../modified_automata/ARMCautomata/Bakery5PUnrEnc-FlOneOne-Nondet/armcNFA_inclTest_57,../../modified_automata/ARMCautomata/Bakery5PUnrEnc-FlOneOne-Nondet/armcNFA_inclTest_54,1323,1,1,1323,1323,1,71,1323,5525,0,0.091293767415,0.018532258279309106,0.091293767415,0.08265145999999998,0.00881914,0.078189481915,0.10439805291500001,90,90,25,65,0,309,603,25,0,3.059994848205,0.008879912011964784,3.059994848205,3.03569672,0.0206567,3.0537158022049997,3.066273894205,90,90,25,65,0,309,603,25,0,2.69115512644,0.0031908787470735916,2.69115512644,2.6514525549999997,0.038846235,2.68889883444,2.6934114184399998,,,,,,,,,,,,,,,,,,,,,,,,,,,,,107,107,34,73,2,36,0,36.671355768275,1.2351092660071592,36.671355768275,36.52384019,0.08006354499999999,35.798001630775,37.544709905775,90,90,25,65,0,25,65,25,0,311,613,25,0,22.13147064273,0.48384968310711185,22.13147064273,21.985095004999998,0.1260626,21.78933725073,22.473604034730002,5525,0,0.106435439455,0.005765924763383626,0.106435439455,0.087294495,0.01866475,0.102358314955,0.110512563955,90,90,25,65,0,309,603,25,0,3.1034951532450004,0.04796191381885918,3.1034951532450004,3.0672162299999997,0.033863149999999995,3.069580958745,3.1374093477450002,90,90,25,65,0,309,603,25,0,2.7340878753049997,0.01263857416980758,2.7340878753049997,2.7116212499999994,0.020624045,2.725151053805,2.743024696805,,,,,,,,,,,,,,,,,,,,,,,,,,,,,107,107,34,73,2,36,0,39.263904109165,0.5147856882226174,39.263904109165,39.074503655,0.11479082499999999,38.899895658165,39.627912560164994,90,90,25,65,0,25,65,25,0,311,613,25,0,21.660421677445,0.01581770009507241,21.660421677445,21.495115209999998,0.137061555,21.649236874445,21.671606480445,,,,,,,,,,,,,,,
../../ARMCautomata/IBakery-4P-BinEnc-BwBad-Nondet-Partial/armcNFA_inclTest_14,../../ARMCautomata/IBakery-4P-BinEnc-BwBad-Nondet-Partial/armcNFA_inclTest_17,316,1,1,316,94,1,1,94,18,1,0.06048390568,0.011412041596403683,0.06048390568,0.05125837,0.006953170000000001,0.05241437368,0.06855343768,1470,14,14,0,4,45,14,18,1,0.35113437613,0.027466148701629077,0.35113437613,0.31853032000000003,0.030594135,0.33171287613,0.37055587613,1470,14,14,0,4,45,14,18,1,0.289013366575,0.02263493849280101,0.289013366575,0.26247456999999996,0.025911339999999998,0.273008048075,0.305018685075,,,,,,,,,,,,,,,,,,,,,,,,,,,,,1467,11,3,8,4,6,1,0.99274475387,0.01895761341378439,0.99274475387,0.9593125499999999,0.029862745,0.97933969687,1.00614981087,1467,11,3,8,4,11,0,3,8,45,17,6,1,1.08523243636,0.008031374682152575,1.08523243636,1.043313905,0.039751615,1.07955339686,1.09091147586,5947,1,0.18219988858000002,0.01579834092561595,0.18219988858000002,0.17113461,0.0101925,0.17102877458000001,0.19337100258,5947,5883,5883,0,95,1016,315,5947,1,28.494350156495,0.5932016078195974,28.494350156495,28.34406358,0.10492715999999999,28.074893276995,28.913807035995,5947,5883,5883,0,95,1016,315,5947,1,2.058202969615,0.026971258807612204,2.058202969615,2.019208785,0.037272725,2.039131409615,2.077274529615,,,,,,,,,,,,,,,,,,,,,,,,,,,,,5487,5502,2270,3232,16,2258,1,175.13672274659,1.557072085565993,175.13672274659,174.934182345,0.09682132999999998,174.03570651609002,176.23773897709,5487,5502,2270,3232,16,5502,0,2270,3232,1125,365,2258,1,176.48184874966,0.8167032340305861,176.48184874966,176.254626235,0.13412206,175.90435235465998,177.05934514466,,,,,,,,,,,,,,,
../../modified_automata/ARMCautomata/IBakery-4P-BinEnc-BwBad-Nondet-Partial/armcNFA_inclTest_15_changed_final,../../modified_automata/ARMCautomata/IBakery-4P-BinEnc-BwBad-Nondet-Partial/armcNFA_inclTest_17,94,1,1,94,94,1,1,94,1150,0,0.05518238815,0.01992823131515469,0.05518238815,0.04750855,0.006914719999999999,0.04109100065000001,0.06927377565,767,767,170,597,0,253,315,170,0,3.40344715245,0.23369538292746878,3.40344715245,3.37032301,0.030317339999999998,3.2381995624499997,3.56869474245,767,767,170,597,0,253,315,170,0,0.24519343928499998,0.02251181988848791,0.24519343928499998,0.21601301,0.02864313,0.229275178785,0.261111699785,,,,,,,,,,,,,,,,,,,,,,,,,,,,,1,1,0,1,0,0,0,0.361186475625,0.00832808093017907,0.361186475625,0.33060252,0.030117829999999998,0.355297633125,0.367075318125,1,1,0,1,0,1,0,0,1,5,6,0,0,0.37601998821500004,0.021467766826571068,0.37601998821500004,0.350362115,0.024942819999999997,0.360839984715,0.39119999171500003,1150,0,0.05647157498500001,0.016743919468757668,0.05647157498500001,0.047314705,0.008676674999999998,0.04463183598500001,0.06831131398500001,767,767,170,597,0,253,315,170,0,3.5016401597650004,0.21135660833179318,3.5016401597650004,3.455044395,0.035352035,3.352188468765,3.6510918507650003,767,767,170,597,0,253,315,170,0,0.24085913993500002,0.00198681802717625,0.24085913993500002,0.21791977499999998,0.02225392,0.23945424743500002,0.24226403243500003,,,,,,,,,,,,,,,,,,,,,,,,,,,,,1,1,0,1,0,0,0,0.352137734905,0.00034880799698473644,0.352137734905,0.32288226499999995,0.028357604999999998,0.351891090405,0.352384379405,1,1,0,1,0,1,0,0,1,5,6,0,0,0.37763663612,0.0106041487643743,0.37763663612,0.356785645,0.020339375,0.37013837062,0.38513490162,,,,,,,,,,,,,,,
../../modified_automata/ARMCautomata/IBakery-4P-BinEnc-BwBad-Nondet-Partial/armcNFA_inclTest_15_removed_final,../../modified_automata/ARMCautomata/IBakery-4P-BinEnc-BwBad-Nondet-Partial/armcNFA_inclTest_17,94,1,0,94,94,1,1,94,1150,0,0.058624906185000006,0.016696163598076668,0.058624906185000006,0.04812999,0.00978244,0.04681893568500001,0.070430876685,1,1,0,0,0,5,5,0,0,0.200583931825,0.028580871429471282,0.200583931825,0.18236331,0.017234365,0.18037420382500002,0.22079365982500002,1,1,0,0,0,5,5,0,0,0.20446648844499998,0.020707678655590533,0.20446648844499998,0.17704665999999997,0.027287,0.189823948445,0.219109028445,,,,,,,,,,,,,,,,,,,,,,,,,,,,,1,1,0,1,0,0,0,0.34378865964500005,0.0009248376870359603,0.34378865964500005,0.31138509999999997,0.032111310000000004,0.343134700645,0.34444261864500003,1,1,0,0,0,0,0,0,0,5,6,0,0,0.347435960465,0.02069543085903361,0.347435960465,0.32122615,0.02548358,0.332802080965,0.36206983996500003,1150,0,0.053381101855,0.00967852053195697,0.053381101855,0.044383914999999996,0.008577605,0.046537354355,0.060224849355000006,1,1,0,0,0,5,5,0,0,0.208011195125,0.009475843929479033,0.208011195125,0.18852628,0.018624035,0.201310761625,0.214711628625,1,1,0,0,0,5,5,0,0,0.21465694964,0.005016898570887981,0.21465694964,0.18860796999999999,0.02404401,0.21110946664000002,0.21820443264,,,,,,,,,,,,,,,,,,,,,,,,,,,,,1,1,0,1,0,0,0,0.3627381021,0.02272911521656013,0.3627381021,0.326932255,0.035215125,0.34666619060000003,0.37881001360000005,1,1,0,0,0,0,0,0,0,5,6,0,0,0.34210619175,0.02003801459268139,0.34210619175,0.31225046,0.028685159999999998,0.32793717575000003,0.35627520775000004,,,,,,,,,,,,,,,
../../modified_automata/ARMCautomata/Bakery-5P-UnrEnc-BwBad-Nondet/armcNFA_inclTest_35,../../modified_automata/ARMCautomata/Bakery-5P-UnrEnc-BwBad-Nondet/armcNFA_inclTest_25,821,1,1,821,221,1,1,221,9,1,0.062568186675,0.0010371396789172053,0.062568186675,0.050360945,0.01022215,0.06183481817500001,0.063301555175,18,6,6,0,3,39,31,9,1,0.5450878138699999,0.008523251594174726,0.5450878138699999,0.5187453499999999,0.02426719,0.53906096487,0.55111466287,18,6,6,0,3,39,31,9,1,0.510595967725,0.018404844001300363,0.510595967725,0.48393983499999993,0.02620307,0.497581777725,0.5236101577250001,,,,,,,,,,,,,,,,,,,,,,,,,,,,,19,7,7,0,3,9,1,2.02236821896,0.2724878895612913,2.02236821896,1.974828735,0.046681484999999995,1.82969018446,2.21504625346,19,7,7,0,3,6,0,6,0,41,35,9,1,2.5945530413249998,0.0479078378277678,2.5945530413249998,2.545093915,0.04694380499999999,2.560677084325,2.628428998325,526,1,0.053085593875,0.01820779738301418,0.053085593875,0.04337558,0.009360185,0.04021073687500001,0.065960450875,526,575,575,0,38,675,551,526,1,3.12733961095,0.008431988150354057,3.12733961095,3.0920740899999997,0.035180069999999994,3.12137729495,3.1333019269499998,526,575,575,0,38,675,551,526,1,0.5782766060050001,0.023273735930497773,0.5782766060050001,0.56207966,0.015541179999999998,0.5618195895050001,0.5947336225050001,,,,,,,,,,,,,,,,,,,,,,,,,,,,,527,576,556,20,38,506,1,68.98915291119,0.1871187238198739,68.98915291119,68.87487779,0.07056076,68.85683999269,69.12146582969001,527,576,556,20,38,575,0,555,20,777,659,506,1,69.65587989218,0.9008380140706831,69.65587989218,69.50921928499999,0.08262966,69.01889122368,70.29286856068,,,,,,,,,,,,,,,
../../modified_automata/ARMCautomata/Bakery5PUnrEnc-Rev-FbOneOne-Nondet-Partial/armcNFA_inclTest_2,../../modified_automata/ARMCautomata/Bakery5PUnrEnc-Rev-FbOneOne-Nondet-Partial/armcNFA_inclTest_3,1299,1,873,1299,195,1,116,195,6,1,0.076834448665,0.018413535757854656,0.076834448665,0.06460822,0.01002561,0.063814112665,0.089854784665,50,5,5,0,1,33,30,6,1,0.805530345355,0.02026207551843595,0.805530345355,0.77931652,0.02534376,0.791202894355,0.819857796355,50,5,5,0,1,33,30,6,1,0.7875090201500001,0.005060307856185019,0.7875090201500001,0.7559852699999999,0.030020029999999996,0.7839308421500001,0.7910871981500001,,,,,,,,,,,,,,,,,,,,,,,,,,,,,67,6,6,0,1,6,1,11.9183521128,0.9236121189561921,11.9183521128,11.773231684999999,0.143531415,11.2652597203,12.571444505299999,67,6,6,0,1,5,0,5,0,34,31,6,1,11.688657832995002,1.6262192339188335,11.688657832995002,11.575852475,0.10329021,10.538747184995001,12.838568480995,18237,13843,0.679411852435,0.015385480367964227,0.679411852435,0.650001155,0.028477759999999998,0.668532674935,0.690291029935,18237,35483,35483,0,712,3610,488,18237,13843,196.36507274373002,1.9069266564483214,196.36507274373002,195.70918025,0.6008013,195.01667197373,197.71347351373,18237,35483,35483,0,712,3610,488,18237,13843,4.18225394639,0.07265493326735127,4.18225394639,4.081073740000001,0.08027339,4.13087915039,4.2336287423900005,,,,,,,,,,,,,,,,,,,,,,,,,,,,,,,,,,,,,,,,,,,,,,,,,,,,,,,,,,,,,,,,,,,,,,,,,,,,,
../../modified_automata/ARMCautomata/IBakery5PUnrEnc-Rev-FbOneOne-Nondet-Partial/armcNFA_inclTest_2_removed_initial_states,../../modified_automata/ARMCautomata/IBakery5PUnrEnc-Rev-FbOneOne-Nondet-Partial/armcNFA_inclTest_3,1299,1,1,1299,195,116,1,195,12,1,0.044901122695000004,0.002115466206518196,0.044901122695000004,0.031322265,0.01150046,0.043405262195,0.046396983195,21,8,8,0,0,17,31,8,1,0.38033121308000006,0.07806409932510229,0.38033121308000006,0.35029230999999994,0.02746779,0.32513155908,0.43553086708000005,21,6,6,0,6,19,22,12,1,0.29095188990500004,0.005718515375025421,0.29095188990500004,0.25316235,0.033442534999999995,0.28690828890500003,0.29499549090500005,,,,,,,,,,,,,,,,,,,,,,,,,,,,,22,6,6,0,3,8,1,10.16612518504,3.579824873482853,10.16612518504,10.033990945,0.107224355,7.63480674154,12.69744362854,33,17,17,0,1,17,0,17,0,19,108,17,1,8.58122014752,2.100281156274469,8.58122014752,8.527830665,0.050609495,7.09609709952,10.06634319552,433,1,0.07710603229,0.0005767205333764328,0.07710603229,0.06445491499999999,0.012122285,0.07669822929,0.07751383529,433,463,463,0,51,34,942,433,1,2.4033545129,0.045254615499943515,2.4033545129,2.3639239,0.038701664999999996,2.3713546674,2.4353543583999997,433,478,478,0,48,34,942,433,1,0.319135950895,0.02598701071592774,0.319135950895,0.29115876500000004,0.026912069999999996,0.30076035939500007,0.33751154239500003,,,,,,,,,,,,,,,,,,,,,,,,,,,,,371,422,310,112,27,262,1,104.95834691171001,0.07450554626501624,104.95834691171001,104.80104215,0.153608255,104.90566353471,105.01103028871,371,431,319,112,23,431,0,319,112,36,1054,262,1,105.768408047035,5.0582881421361865,105.768408047035,105.45558786499998,0.16323177,102.191658200535,109.345157893535,,,,,,,,,,,,,,,
../../modified_automata/ARMCautomata/BubbleSort-full-FbOneOne-Nondet/armcNFA_inclTest_12,../../modified_automata/ARMCautomata/BubbleSort-full-FbOneOne-Nondet/armcNFA_inclTest_15,39,1,1,56,39,1,1,56,15,1,0.09077519293000001,0.014480899168888933,0.09077519293000001,0.059917134999999996,0.02125755,0.08053565093000001,0.10101473493000002,21,2,2,0,9,20,20,11,1,0.38860988591,0.004186111035497312,0.38860988591,0.33504463500000004,0.03666931,0.38564985841000005,0.39156991341,21,2,2,0,9,20,20,11,1,0.35828037464000007,0.006680498795490629,0.35828037464000007,0.288754805,0.050510425,0.3535565486400001,0.36300420064000005,,,,,,,,,,,,,,,,,,,,,,,,,,,,,22,3,3,0,9,11,1,0.535735469475,0.01047668216046366,0.535735469475,0.46221842,0.052517255,0.528327336475,0.5431436024749999,22,3,3,0,9,2,0,2,0,22,22,11,1,0.5301829874300001,0.011389834200833759,0.5301829874300001,0.45621509499999996,0.05176714999999999,0.5221291584300001,0.5382368164300001,87,1,0.09206180016000001,0.01587720030228101,0.09206180016000001,0.072858675,0.01096592,0.08083492416,0.10328867616000001,84,15,14,1,72,48,48,83,1,0.5174904653550001,0.006593927005163194,0.5174904653550001,0.442043035,0.05301722,0.512827854855,0.522153075855,84,15,14,1,72,48,48,83,1,0.38015261872999995,0.023630163710156606,0.38015261872999995,0.30657724,0.056118455,0.36344356972999997,0.39686166773,,,,,,,,,,,,,,,,,,,,,,,,,,,,,85,16,15,1,72,83,1,0.7237894731500001,0.020706785579725932,0.7237894731500001,0.660962355,0.039798810000000004,0.7091475646500001,0.7384313816500001,85,16,15,1,72,14,1,14,0,50,50,83,1,0.7290658698200001,0.01870693911010633,0.7290658698200001,0.6645274699999999,0.041642689999999996,0.71583806632,0.7422936733200001,,,,,,,,,,,,,,,
../../modified_automata/ARMCautomata/BubbleSort-full-FbOneOne-Nondet/armcNFA_inclTest_12,../../modified_automata/ARMCautomata/BubbleSort-full-FbOneOne-Nondet/armcNFA_inclTest_15_changed_transitions,39,1,1,56,39,1,1,56,23,1,0.09144654784,0.006808868374760822,0.09144654784,0.06850803,0.014343815,0.08663195084,0.09626114484,35,6,5,1,23,32,32,27,1,0.432737174855,0.005026211874303013,0.432737174855,0.37555076499999995,0.04095852,0.429183106355,0.436291243355,35,6,5,1,23,32,32,27,1,0.366193845695,0.0002480396238113748,0.366193845695,0.304437545,0.043575970000000006,0.36601845519500004,0.366369236195,,,,,,,,,,,,,,,,,,,,,,,,,,,,,22,7,3,4,9,11,1,0.5721698776349999,0.007214959799196315,0.5721698776349999,0.497484945,0.055503075,0.567068130635,0.577271624635,22,7,3,4,9,5,1,2,3,34,34,11,1,0.572129597765,0.028507036753593368,0.572129597765,0.5092083399999999,0.043513315,0.5519720787650001,0.5922871167650001,87,1,0.09734224283500001,0.004474288868636,0.09734224283500001,0.07350004,0.01688893,0.09417844283500001,0.10050604283500002,84,15,14,1,72,48,48,83,1,0.525230430845,0.0027887167150215373,0.525230430845,0.44752629,0.05824817,0.523258510345,0.527202351345,84,15,14,1,72,48,48,83,1,0.369178663745,0.014886941095849671,0.369178663745,0.32577650999999996,0.02755937,0.35865200674500003,0.379705320745,,,,,,,,,,,,,,,,,,,,,,,,,,,,,29,16,4,12,16,19,1,0.696354108045,0.026770567053869126,0.696354108045,0.6326636999999999,0.042918309999999994,0.677424458545,0.7152837575450001,29,16,4,12,16,14,1,3,11,50,50,19,1,0.6951326116200001,0.02076389435180161,0.6951326116200001,0.61634416,0.05784349,0.68045032112,0.70981490212,,,,,,,,,,,,,,,
../../modified_automata/ARMCautomata/BubbleSort-full-FbOneOne-Nondet/armcNFA_inclTest_15,../../modified_automata/ARMCautomata/BubbleSort-full-FbOneOne-Nondet/armcNFA_inclTest_15_changed_transitions,39,1,1,56,39,1,1,56,23,1,0.09194900124,0.021251398515489,0.09194900124,0.06380332999999999,0.0213176,0.07692199324,0.10697600924,35,6,5,1,23,32,32,27,1,0.43643638966000003,0.024494306179522637,0.43643638966000003,0.3696904,0.045602065,0.41911629966,0.45375647966000004,35,6,5,1,23,32,32,27,1,0.36123878492500006,0.0028429525122453353,0.36123878492500006,0.30718099,0.03709506,0.35922851392500005,0.36324905592500006,,,,,,,,,,,,,,,,,,,,,,,,,,,,,22,7,3,4,9,11,1,0.5654730671400001,0.009507851117929435,0.5654730671400001,0.49560895499999996,0.048332034999999995,0.5587500011400001,0.5721961331400001,22,7,3,4,9,5,1,2,3,34,34,11,1,0.571750927915,0.006760597730343153,0.571750927915,0.5117768949999999,0.04380971,0.566970463415,0.5765313924150001,87,1,0.08381929989500002,0.005051922276866945,0.08381929989500002,0.05434337499999999,0.022269409999999996,0.08024705139500002,0.08739154839500002,84,15,14,1,72,48,48,83,1,0.525601832185,0.010456479412618395,0.525601832185,0.469154745,0.035744845,0.5182079846850001,0.5329956796850001,84,15,14,1,72,48,48,83,1,0.36857828847,0.004351118645527893,0.36857828847,0.296479395,0.052230254999999996,0.36550158297,0.37165499397,,,,,,,,,,,,,,,,,,,,,,,,,,,,,29,16,4,12,16,19,1,0.697371163905,0.015692007622074695,0.697371163905,0.639205545,0.04040086,0.686275238905,0.708467088905,29,16,4,12,16,14,1,3,11,50,50,19,1,0.7096315608200001,0.04104766178496405,0.7096315608200001,0.641225675,0.047171870000000005,0.6806064808200001,0.73865664082,,,,,,,,,,,,,,,
../../modified_automata/ARMCautomata/BubbleSort-full-FbOneOne-Nondet/armcNFA_inclTest_15_removed_transitions,../../modified_automata/ARMCautomata/BubbleSort-full-FbOneOne-Nondet/armcNFA_inclTest_15,39,1,1,53,39,1,1,56,39,1,0.091129049825,0.02326437030118099,0.091129049825,0.07213262499999998,0.013062265,0.07467865582500001,0.10757944382500001,21,9,2,7,9,40,32,11,1,0.45128873082000004,0.006614732207986027,0.45128873082000004,0.38730215,0.04149274,0.44661140882000006,0.45596605282,21,9,2,7,9,40,32,11,1,0.38735876420500004,0.014128322999867273,0.38735876420500004,0.322700135,0.043715174999999995,0.377368531205,0.39734899720500005,,,,,,,,,,,,,,,,,,,,,,,,,,,,,22,10,3,7,9,11,1,0.69823241959,0.03359397637247827,0.69823241959,0.62564883,0.04532118,0.67447789109,0.7219869480900001,22,10,3,7,9,2,7,2,0,42,34,11,1,0.6121291385350001,0.017849423645493585,0.6121291385350001,0.5374581249999999,0.048671245,0.599507690035,0.6247505870350001,87,1,0.07584826852,0.001005216636173765,0.07584826852,0.06223848,0.007975920000000001,0.07513747302,0.07655906402,28,15,3,12,16,48,48,19,1,0.49369714556000005,0.002697944710413867,0.49369714556000005,0.4421056649999999,0.037503595,0.49178941056000003,0.49560488056000007,28,15,3,12,16,48,48,19,1,0.36259474254,0.004146223141970574,0.36259474254,0.296298345,0.050801624999999996,0.35966292004,0.36552656504,,,,,,,,,,,,,,,,,,,,,,,,,,,,,29,16,4,12,16,19,1,0.7300603901400001,0.024783923682067794,0.7300603901400001,0.6597642,0.054262370000000004,0.7125355096400001,0.7475852706400001,29,16,4,12,16,3,12,3,0,50,50,19,1,0.5788787340450001,0.03042828618316368,0.5788787340450001,0.5218452149999999,0.03878917,0.5573626865450001,0.600394781545,,,,,,,,,,,,,,,
../../modified_automata/ARMCautomata/BubbleSort-full-FbOneOne-Nondet/armcNFA_inclTest_15_removed_transitions,../../modified_automata/ARMCautomata/BubbleSort-full-FbOneOne-Nondet/armcNFA_inclTest_15_changed_transitions,39,1,1,53,39,1,1,56,86,0,0.25365522829,0.0983922582148808,0.25365522829,0.07700953999999999,0.009954385,0.18408139529,0.32322906129,27,15,3,12,15,48,48,18,0,0.7919324830250001,0.07028042839104007,0.7919324830250001,0.533304615,0.04817296,0.742236715525,0.841628250525,27,15,3,12,15,48,48,18,0,0.5069937428,0.0062028276587024565,0.5069937428,0.34628984499999993,0.05065768,0.5026076813,0.5113798043,,,,,,,,,,,,,,,,,,,,,,,,,,,,,1,1,0,1,0,0,0,0.617601697525,0.03072199359133127,0.617601697525,0.510875185,0.048695369999999995,0.595877967525,0.639325427525,1,1,0,1,0,1,0,0,1,13,13,0,0,0.6400507662650001,0.04463784090294693,0.6400507662650001,0.54222144,0.04106264999999999,0.608487046265,0.6716144862650001,86,0,0.11168597404000001,0.04347417224371097,0.11168597404000001,0.062217545,0.01104314,0.08094509204,0.14242685604000002,27,15,3,12,15,48,48,18,0,0.6383471108550001,0.04436630765633054,0.6383471108550001,0.5428646049999999,0.035069029999999994,0.6069753938550001,0.669718827855,27,15,3,12,15,48,48,18,0,0.423615167435,0.03630120893046294,0.423615167435,0.341202405,0.039766380000000004,0.397946336435,0.449283998435,,,,,,,,,,,,,,,,,,,,,,,,,,,,,1,1,0,1,0,0,0,0.5596589927450001,0.0038674371010996578,0.5596589927450001,0.48049459499999997,0.05408018999999999,0.5569243017450001,0.5623936837450001,1,1,0,1,0,1,0,0,1,13,13,0,0,0.964410606145,0.1502890579293764,0.964410606145,0.5184786399999999,0.039437085,0.8581401941450001,1.070681018145,,,,,,,,,,,,,,,
../../automata-benchmarks/nfa/non-vtf/random_difficult_cases/NFA-4000-2-1-10.2.tmb,../../automata-benchmarks/nfa/non-vtf/random_difficult_cases/NFA-4000-2-1-10.1.tmb,4000,1,4000,7984,4000,1,4000,7984,1,1,0.12545725188,0.021944141129522518,0.12545725188,0.08876977999999999,0.017340414999999998,0.10994040088000001,0.14097410288,1,1,1,0,0,20,23,1,1,44.656307622114994,1.9772470250587901,44.656307622114994,44.076797584999994,0.085645675,43.258182842615,46.054432401614996,1,1,1,0,0,20,23,1,1,43.048891458725,0.1320747141517791,43.048891458725,42.772295,0.09066553499999999,42.955500532725004,43.142282384725,,,,,,,,,,,,,,,,,,,,,,,,,,,,,7,2,2,0,0,1,1,99.795557055085,40.704142077668386,99.795557055085,95.82239615,1.4073363449999998,71.013382169585,128.577731940585,7,2,2,0,0,1,0,1,0,21,24,1,1,137.608969475695,21.33529316630885,137.608969475695,135.08097886000002,0.8976980349999999,122.52263899919501,152.695299952195,,,,,,,,,,,,,,,,,,,,,,,,,,,,,,,,,,,,,,,,,,,,,,,,,,,,,,,,,,,,,,,,,,,,,,,,,,,,,,,,,,,,,,,,,,,,,,,,,,,,,,,,,,,,,,,,,,,,,,
../../modified_automata/ARMCautomata/IBakery-4P-BinEnc-BwBad/armcNFA_inclTest_15_removed_transitions2,../../modified_automata/ARMCautomata/IBakery-4P-BinEnc-BwBad/armcNFA_inclTest_15,94,1,1,318,94,1,1,320,6,1,0.09790032743500002,0.019200535705820344,0.09790032743500002,0.07476514000000001,0.01558709,0.08432349843500002,0.11147715643500002,838,3,3,0,3,15,14,6,1,0.80237223456,0.4292954983271698,0.80237223456,0.44063357000000003,0.04865884,0.49881447656000005,1.10592999256,838,3,3,0,3,15,14,6,1,0.44579021314500006,0.04428725382530072,0.44579021314500006,0.36985137999999995,0.048181135,0.41447439564500005,0.47710603064500007,,,,,,,,,,,,,,,,,,,,,,,,,,,,,839,3,3,0,4,6,1,0.91434336111,0.020304132108460562,0.91434336111,0.8236982799999999,0.06968168,0.89998617161,0.92870055061,839,3,3,0,4,3,0,3,0,18,17,6,1,0.9693375366450001,0.021609678207807723,0.9693375366450001,0.897095215,0.049636635,0.954057186645,0.984617886645,2326,1,0.17208501511000002,0.002180218095791805,0.17208501511000002,0.149636725,0.012634495,0.17054336811,0.17362666211000002,2027,2285,1277,1008,30,285,328,1139,1,21.93428700392,0.6453500272395373,21.93428700392,21.782535959999997,0.05943009,21.47795562342,22.39061838442,2027,2285,1277,1008,30,285,328,1139,1,0.6520032135,0.029849985973238104,0.6520032135,0.584031245,0.048320749999999996,0.630896086,0.673110341,,,,,,,,,,,,,,,,,,,,,,,,,,,,,1929,2211,578,1633,6,463,1,75.08171708105999,3.1984556380648494,75.08171708105999,74.73509908,0.068950425,72.82006741005999,77.34336675205999,1929,2211,578,1633,6,1216,995,578,638,310,379,463,1,44.879262314109994,1.9610617425745915,44.879262314109994,44.579754449999996,0.06961065,43.492582257609996,46.26594237061,,,,,,,,,,,,,,,
../../modified_automata/ARMCautomata/IBakery-4P-BinEnc-BwBad/armcNFA_inclTest_15_removed_transitions3,../../modified_automata/ARMCautomata/IBakery-4P-BinEnc-BwBad/armcNFA_inclTest_15,94,1,1,316,94,1,1,320,11,1,0.12303049873500001,0.010582251081574482,0.12303049873500001,0.096004165,0.017927859999999997,0.11554771723500001,0.130513280235,838,5,3,2,3,21,24,6,1,0.5066765764850001,0.0031076034885603935,0.5066765764850001,0.43130364499999996,0.05329362,0.504479168985,0.5088739839850001,838,5,3,2,3,21,24,6,1,0.4651219741,0.014507441129027535,0.4651219741,0.38548657,0.058768074999999996,0.4548636641,0.4753802841,,,,,,,,,,,,,,,,,,,,,,,,,,,,,839,5,3,2,4,6,1,1.00000941428,0.0012458111326860792,1.00000941428,0.90763054,0.06889698,0.99912849278,1.00089033578,839,5,3,2,4,3,2,3,0,24,29,6,1,0.951730771175,0.0035155984444507414,0.951730771175,0.8790528,0.051455375,0.949244867675,0.954216674675,2326,1,0.19004253834,0.01582240306227296,0.19004253834,0.16059415500000002,0.020917395,0.17885440984,0.20123066684000002,1870,2141,755,1386,17,259,328,664,1,23.931085617855,4.184996273878613,23.931085617855,23.706995385,0.07076612,20.971846373355,26.890324862355,1870,2141,755,1386,17,259,328,664,1,0.8685005584850001,0.042285583020185605,0.8685005584850001,0.7295641799999999,0.03552326,0.838600135985,0.898400980985,,,,,,,,,,,,,,,,,,,,,,,,,,,,,1804,2088,368,1720,4,287,1,86.72069310567501,1.2414876272674353,86.72069310567501,85.881699975,0.15855668,85.84282878567501,87.59855742567501,1804,2088,368,1720,4,727,1361,368,359,276,379,287,1,35.19347917222,0.4161303770927551,35.19347917222,34.671233584999996,0.1116046,34.89923056072,35.487727783720004,,,,,,,,,,,,,,,
../../automata-benchmarks/nfa/non-vtf/random_difficult_cases/NFA-4000-2-1.5-10.2.tmb,../../automata-benchmarks/nfa/non-vtf/random_difficult_cases/NFA-4000-2-1.5-10.1.tmb,4000,1,4000,11963,4000,1,4000,11963,1,1,0.144716230705,0.009070992770337795,0.144716230705,0.099399765,0.03143744,0.13830207020500002,0.15113039120500002,1,1,1,0,0,17,15,1,1,63.15975953634501,0.29011858669458374,63.15975953634501,62.91291887,0.058015624999999994,62.954614716345006,63.364904356345,1,1,1,0,0,17,15,1,1,63.261233032655,0.008025335283137659,63.261233032655,63.01907189,0.056463555,63.255558263655,63.266907801655,,,,,,,,,,,,,,,,,,,,,,,,,,,,,12,2,2,0,0,1,1,75.74841844342,2.6779099315417803,75.74841844342,75.14018123,0.36656049999999996,73.85485017142,77.64198671541999,12,2,2,0,0,1,0,1,0,18,16,1,1,145.293065334175,4.014972975136863,145.293065334175,144.57326888,0.287256905,142.454050717175,148.132079951175,,,,,,,,,,,,,,,,,,,,,,,,,,,,,,,,,,,,,,,,,,,,,,,,,,,,,,,,,,,,,,,,,,,,,,,,,,,,,,,,,,,,,,,,,,,,,,,,,,,,,,,,,,,,,,,,,,,,,,
../../automata-benchmarks/nfa/non-vtf/random_difficult_cases/NFA-4000-2-1-01.2.tmb,../../automata-benchmarks/nfa/non-vtf/random_difficult_cases/NFA-4000-2-1-01.1.tmb,4000,1,4000,8009,4000,1,4000,8009,1,1,0.129793166225,0.027262949547239845,0.129793166225,0.08864520499999999,0.026636679999999996,0.110515349725,0.14907098272500002,1,1,1,0,0,23,23,1,1,44.93152804431,0.6606934701093606,44.93152804431,44.381019885,0.071524215,44.46434721131,45.39870887731,1,1,1,0,0,23,23,1,1,45.504014979255,0.9955734469392363,45.504014979255,45.27883996999999,0.0726936,44.800038243755,46.207991714754996,,,,,,,,,,,,,,,,,,,,,,,,,,,,,3,2,2,0,0,1,1,61.815700151345,1.2753907662809985,61.815700151345,61.384307005,0.227404475,60.913862691845,62.717537610845,3,2,2,0,0,1,0,1,0,24,24,1,1,122.000667521795,3.638165974286292,122.000667521795,121.10781388,0.484433935,119.428095690295,124.573239353295,,,,,,,,,,,,,,,,,,,,,,,,,,,,,,,,,,,,,,,,,,,,,,,,,,,,,,,,,,,,,,,,,,,,,,,,,,,,,,,,,,,,,,,,,,,,,,,,,,,,,,,,,,,,,,,,,,,,,,
../../automata-benchmarks/nfa/non-vtf/armc/BubbleSort-full-FwBad-Nondet/armcNFA_inclTest_39.tmb,../../automata-benchmarks/nfa/non-vtf/armc/BubbleSort-full-FwBad-Nondet/armcNFA_inclTest_59.tmb,55,1,1,645,53,1,1,129,16,1,0.33249745472000003,0.0037188965937893564,0.33249745472000003,0.2938326,0.03471742,0.32986779772,0.33512711172000004,32,13,13,0,4,37,57,16,1,0.45278723202000004,0.007102063130512027,0.45278723202000004,0.42081994,0.02945068,0.44776531502,0.45780914902000003,32,13,13,0,4,37,57,16,1,0.34643249544,0.00031498637253380394,0.34643249544,0.31417226,0.0290551,0.34620976644,0.34665522444,,,,,,,,,,,,,,,,,,,,,,,,,,,,,33,13,13,0,5,16,1,0.80134614108,0.004300766985853208,0.80134614108,0.7573093399999999,0.037377640000000004,0.79830503958,0.80438724258,34,13,13,0,6,13,0,13,0,44,64,16,1,0.8294394322,0.002847176768156079,0.8294394322,0.76929304,0.054651279999999997,0.8274261742000001,0.8314526902,123,1,0.31658971010000003,0.022249126183743227,0.31658971010000003,0.28260688,0.029664379999999997,0.3008572021,0.3323222181,121,144,141,3,21,119,211,118,1,0.94479318564,0.0580939394062504,0.94479318564,0.92252322,0.019385939999999997,0.90371456714,0.9858718041400001,121,144,141,3,21,119,211,118,1,0.24920704946,0.026785664490754164,0.24920704946,0.21638094,0.02964134,0.23026672446000002,0.26814737446,,,,,,,,,,,,,,,,,,,,,,,,,,,,,99,126,82,44,16,75,1,1.42918855188,0.018281026068380488,1.42918855188,1.4101742800000001,0.014922659999999997,1.4162619143800002,1.44211518938,100,126,82,44,17,123,3,82,41,135,231,75,1,1.4468305298000002,0.01943345950797044,1.4468305298000002,1.4055531799999998,0.03467454,1.4330889988,1.4605720608000001,,,,,,,,,,,,,,,
../../automata-benchmarks/nfa/non-vtf/armc/Bakery-4P-BinEnc-BwBad/armcNFA_inclTest_23.tmb,../../automata-benchmarks/nfa/non-vtf/armc/Bakery-4P-BinEnc-BwBad/armcNFA_inclTest_23.tmb,256,1,1,1078,256,1,1,1078,6,1,0.37182407530000006,0.049350421221308886,0.37182407530000006,0.32093454,0.04839,0.3369280578,0.40672009280000004,27,6,6,0,0,30,30,6,1,0.46181344502,0.00839090171083327,0.46181344502,0.42025342,0.03653012,0.45588018152,0.46774670852,27,6,6,0,0,30,30,6,1,0.4141817883000001,0.018194946424372933,0.4141817883000001,0.3903555999999999,0.02166556,0.4013160183,0.4270475583000001,,,,,,,,,,,,,,,,,,,,,,,,,,,,,28,7,7,0,0,6,1,1.7367491192,0.021821884488375784,1.7367491192,1.69314674,0.03457826,1.7213187167,1.7521795217,29,7,7,0,1,6,0,6,0,33,33,6,1,1.53469037446,0.3746179976601242,1.53469037446,1.5008904799999998,0.02963508,1.26979544796,1.79958530096,256,1,0.21662270672000003,0.005585308478265145,0.21662270672000003,0.1847552,0.02891634,0.21267329722000003,0.22057211622000003,256,277,277,0,3,688,688,256,1,1.5565853501199998,0.0076883296054343405,1.5565853501199998,1.527274,0.024657759999999997,1.55114888012,1.5620218201199998,256,277,277,0,3,688,688,256,1,0.30173284132,0.0021372960070670027,0.30173284132,0.26883318,0.02942798,0.30022154481999996,0.30324413782,,,,,,,,,,,,,,,,,,,,,,,,,,,,,257,278,278,0,3,256,1,14.141231501099998,0.08064623196557391,14.141231501099998,14.12381912,0.014809079999999999,14.084206003599999,14.1982569986,258,278,278,0,4,277,0,277,0,726,726,256,1,14.5023678762,0.15772288354080505,14.5023678762,14.350730219999999,0.05608112,14.3908409557,14.613894796699999,,,,,,,,,,,,,,,
../../automata-benchmarks/nfa/non-vtf/armc/Bakery-4P-BinEnc-BwBad/armcNFA_inclTest_31.tmb,../../automata-benchmarks/nfa/non-vtf/armc/Bakery-4P-BinEnc-BwBad/armcNFA_inclTest_3.tmb,410,1,1,2615,4,1,1,13,21,1,0.35474162186,0.024466379704306433,0.35474162186,0.3125114,0.03938712,0.33744127886,0.37204196486,24,20,20,0,1,64,8,21,1,0.60162797794,0.0013817828169607911,0.60162797794,0.55990292,0.03971344,0.60065090994,0.6026050459400001,24,20,20,0,1,64,8,21,1,0.45288202292,0.015544772433882482,0.45288202292,0.41696768,0.03195092,0.44189020892,0.46387383692000006,,,,,,,,,,,,,,,,,,,,,,,,,,,,,13,9,7,2,1,7,1,1.94637397736,0.026260538710773693,1.94637397736,1.8641172799999999,0.07239212,1.9278049723600001,1.96494298236,14,9,7,2,2,8,0,6,2,45,11,7,1,1.50612863084,0.330475234741598,1.50612863084,1.4576790599999998,0.0412878,1.2724473513399999,1.73980991034,59,1,0.23098607574000002,0.024748030941854737,0.23098607574000002,0.19769531999999998,0.0301629,0.21348657524000003,0.24848557624,59,58,58,0,1,172,8,59,1,0.59345295364,0.00770018283640751,0.59345295364,0.5549943399999999,0.03224837999999999,0.58800810214,0.59889780514,59,58,58,0,1,172,8,59,1,0.28840179266,0.0049814102957537855,0.28840179266,0.28166166000000004,0.00481262,0.28487940366000003,0.29192418166,,,,,,,,,,,,,,,,,,,,,,,,,,,,,42,41,37,4,1,37,1,2.46182407584,0.05588143198640249,2.46182407584,2.42314158,0.026985000000000002,2.42230993634,2.50133821534,43,41,37,4,2,40,0,36,4,147,11,37,1,2.54408544278,0.0520704269561889,2.54408544278,2.49641106,0.0347395,2.50726609078,2.58090479478,,,,,,,,,,,,,,,
../../automata-benchmarks/nfa/non-vtf/armc/Bakery-4P-BinEnc-BwBad-Nondet-Partial/armcNFA_inclTest_16.tmb,../../automata-benchmarks/nfa/non-vtf/armc/Bakery-4P-BinEnc-BwBad-Nondet-Partial/armcNFA_inclTest_6.tmb,340,1,1,1511,15,1,1,23,6,1,0.35531512240000007,0.0021296415761606247,0.35531512240000007,0.29935007999999996,0.05300224,0.35380923840000006,0.35682100640000003,8,4,4,0,2,21,11,6,1,0.44044155562,0.0015802669833330704,0.44044155562,0.41500015999999995,0.02189782,0.43932413812,0.44155897312000003,8,4,4,0,2,21,11,6,1,0.40555697624000003,0.002046820280200631,0.40555697624000003,0.34940086,0.053660440000000004,0.40410965574,0.40700429674000005,,,,,,,,,,,,,,,,,,,,,,,,,,,,,13,5,5,0,2,6,1,1.1894530455,0.007748927949475399,1.1894530455,1.13553412,0.04656534,1.183973726,1.194932365,14,5,5,0,3,4,0,4,0,23,16,6,1,1.3985846626,0.10301687232834285,1.3985846626,1.33267178,0.05399196,1.3257407336,1.4714285916,23,1,0.2515966944,0.011709471214667392,0.2515966944,0.23705626,0.011454839999999999,0.24331684790000002,0.2598765409,23,20,20,0,3,80,28,23,1,0.3961363309,0.008713938494070863,0.3961363309,0.38642346,0.004785609999999999,0.3899746459,0.40229801590000003,23,20,20,0,3,80,28,23,1,0.29067274316,0.0040838633949377805,0.29067274316,0.2643024,0.02423195,0.28778501566,0.29356047066,,,,,,,,,,,,,,,,,,,,,,,,,,,,,24,21,17,4,3,19,1,1.2846056495,0.053280742035566174,1.2846056495,1.2481730999999998,0.0305426,1.2469304755,1.3222808234999999,25,21,17,4,4,20,0,16,4,82,38,19,1,1.40760339164,0.037883486218374944,1.40760339164,1.36287102,0.04197142,1.3808157216399999,1.43439106164,,,,,,,,,,,,,,,
../../automata-benchmarks/nfa/non-vtf/armc/Bakery-4P-BinEnc-BwBad-Nondet-Partial/armcNFA_inclTest_17.tmb,../../automata-benchmarks/nfa/non-vtf/armc/Bakery-4P-BinEnc-BwBad-Nondet-Partial/armcNFA_inclTest_10.tmb,94,1,1,294,94,1,1,294,6,1,0.35239691246000004,0.0248845350775357,0.35239691246000004,0.29952848,0.048483899999999996,0.33480088896000004,0.36999293596000005,26,5,5,0,1,23,23,6,1,0.39077968474,0.0008473720178366022,0.39077968474,0.34980982,0.037770059999999994,0.39018050224000006,0.39137886724000004,26,5,5,0,1,23,23,6,1,0.34392242412,0.0014913214355411662,0.34392242412,0.31507581999999995,0.02466052,0.34286790062,0.34497694762000003,,,,,,,,,,,,,,,,,,,,,,,,,,,,,43,6,6,0,1,6,1,0.72851194038,0.01736624202555964,0.72851194038,0.67455756,0.05233422,0.71623215288,0.74079172788,44,6,6,0,2,5,0,5,0,26,26,6,1,0.7371220324600001,0.008752459550189563,0.7371220324600001,0.68769538,0.04444236,0.7309331089600001,0.7433109559600001,206,1,0.33782153439999996,0.0015917737319832879,0.33782153439999996,0.28667878,0.04964604,0.3366959804,0.3389470884,206,215,215,0,3,293,293,206,1,1.59088219988,0.3850248671680814,1.59088219988,1.52432622,0.05905787999999999,1.31862850538,1.86313589438,206,215,215,0,3,293,293,206,1,0.24582827684000003,0.025369410925317356,0.24582827684000003,0.20976486,0.03362949999999999,0.22788939434000002,0.26376715934,,,,,,,,,,,,,,,,,,,,,,,,,,,,,207,216,216,0,3,206,1,3.47501938978,0.051776679950041586,3.47501938978,3.4424049799999996,0.029616239999999995,3.43840774828,3.51163103128,208,216,216,0,4,215,0,215,0,296,296,206,1,3.5612965307,0.0002191288559554943,3.5612965307,3.52513348,0.01945156,3.5611415832000004,3.5614514782,,,,,,,,,,,,,,,
../../automata-benchmarks/nfa/non-vtf/armc/Bakery4pBinEnc-FbOneOne-Nondet-Partial/armcNFA_inclTest_1004.tmb,../../automata-benchmarks/nfa/non-vtf/armc/Bakery4pBinEnc-FbOneOne-Nondet-Partial/armcNFA_inclTest_221.tmb,3564,1,289,17677,1637,1,145,7063,8,1,0.38787371746,0.01416071838994054,0.38787371746,0.3345011,0.0490142,0.37786057746,0.39788685746,73,8,8,0,0,52,40,8,1,13.239396792079999,2.019724186640526,13.239396792079999,13.073653619999998,0.06426467999999999,11.811236123579999,14.66755746058,73,8,8,0,0,52,40,8,1,11.564680825060002,0.00038354603182411454,11.564680825060002,11.503210540000001,0.05740226,11.56440961706,11.56495203306,,,,,,,,,,,,,,,,,,,,,,,,,,,,,,,,,,,,,,,,,,,,,,,,,,,,,,,,,,,,,,,,,,,,,,,,,,,,,,,,,,,,,,,,,,,,,,,,,,,,,,,,,,,,,,,,,,,,,,,,,,,,,,,,,,,,,,,,,,,,,,,,,,,,,,,,,,,,,,,,,,,,,,,,,,,,,,,,,,,,
../../automata-benchmarks/nfa/non-vtf/armc/Bakery4pBinEnc-FbOneOne-Nondet-Partial/armcNFA_inclTest_1004.tmb,../../automata-benchmarks/nfa/non-vtf/armc/Bakery4pBinEnc-FbOneOne-Nondet-Partial/armcNFA_inclTest_0.tmb,3564,1,289,17677,4,1,1,12,34,1,0.26076164812,0.03837889725008945,0.26076164812,0.2168971,0.03958216,0.23362366962000003,0.28789962662,40,32,32,0,2,164,5,34,1,9.7020163661,0.18108131742866104,9.7020163661,9.65103388,0.0346251,9.5739725386,9.8300601936,40,32,32,0,2,164,5,34,1,9.40592742078,0.10209186564278622,9.40592742078,9.37905004,0.02418436,9.33373757028,9.47811727128,,,,,,,,,,,,,,,,,,,,,,,,,,,,,23,14,11,3,3,13,1,46.44756417012,0.37742559907595236,46.44756417012,46.333153419999995,0.10436367999999999,46.18068396962,46.71444437062,24,14,11,3,4,14,0,11,3,79,7,13,1,58.968078249499996,2.2833088862346154,58.968078249499996,58.78376244,0.17696533999999997,57.3535350525,60.5826214465,454,184,0.25952648759999997,0.029311037669899096,0.25952648759999997,0.23799758,0.01887564,0.2388004541,0.2802525211,454,438,438,0,48,1364,7,454,184,12.7115795981,0.03689349359120012,12.7115795981,12.677219099999999,0.029754839999999998,12.6854919586,12.7376672376,454,438,438,0,48,1364,7,454,184,10.80134349222,0.3543993590041495,10.80134349222,10.765854199999998,0.03403126,10.55074530222,11.051941682219999,,,,,,,,,,,,,,,,,,,,,,,,,,,,,,,,,,,,,,,,,,,,,,,,,,,,,,,,,,,,,,,,,,,,,,,,,,,,,
../../automata-benchmarks/nfa/non-vtf/armc/Bakery4pBinEnc-FbOneOne-Nondet-Partial/armcNFA_inclTest_100.tmb,../../automata-benchmarks/nfa/non-vtf/armc/Bakery4pBinEnc-FbOneOne-Nondet-Partial/armcNFA_inclTest_0.tmb,1168,1,112,4495,4,1,1,12,26,1,0.26158402248,0.001236227007373858,0.26158402248,0.22980116,0.029458599999999995,0.26070987798,0.26245816698,32,24,24,0,2,90,5,26,1,0.7814048624400001,0.02037027841230668,0.7814048624400001,0.7197000999999998,0.05368078,0.76700090044,0.79580882444,32,24,24,0,2,90,5,26,1,0.6603093982600001,0.030085363435918822,0.6603093982600001,0.62956006,0.02931644,0.6390358337600001,0.6815829627600001,,,,,,,,,,,,,,,,,,,,,,,,,,,,,20,11,8,3,3,10,1,3.8812081898199997,0.03697468217760217,3.8812081898199997,3.836533,0.041875079999999995,3.85506314132,3.90735323832,21,11,8,3,4,11,0,8,3,48,7,10,1,4.489962762299999,0.01173665381354959,4.489962762299999,4.41295126,0.07625223999999999,4.4816636948,4.4982618298,225,67,0.27340825716000006,0.014812000504965995,0.27340825716000006,0.24047056,0.02893586,0.26293459116,0.28388192316000005,225,197,197,0,32,532,7,225,67,1.6756039730999999,0.0009457892609626374,1.6756039730999999,1.65850814,0.01462594,1.6749351990999999,1.6762727471,225,197,197,0,32,532,7,225,67,0.72111354218,0.0060923372743945945,0.72111354218,0.68864402,0.02961388,0.71680560918,0.72542147518,,,,,,,,,,,,,,,,,,,,,,,,,,,,,202,184,178,6,22,195,67,33.02431788798,0.4881520304766224,33.02431788798,32.89509182,0.08972168,32.679142276979995,33.36949349898,203,184,178,6,23,184,0,178,6,487,9,195,67,33.15368931854,1.0823734503234606,33.15368931854,33.04628158,0.07470494,32.38833571204,33.91904292504,,,,,,,,,,,,,,,
../../automata-benchmarks/nfa/non-vtf/armc/Bakery4pBinEnc-FbOneOne-Nondet-Partial/armcNFA_inclTest_40.tmb,../../automata-benchmarks/nfa/non-vtf/armc/Bakery4pBinEnc-FbOneOne-Nondet-Partial/armcNFA_inclTest_0.tmb,480,1,29,1615,4,1,1,12,18,1,0.25770900334,0.0020820589466410615,0.25770900334,0.22567876,0.03003038,0.25623676534,0.25918124134000003,27,15,15,0,3,54,5,18,1,0.40113826756000004,0.0033263837408730053,0.40113826756000004,0.39007252,0.00977268,0.39878615906000003,0.40349037606,27,15,15,0,3,54,5,18,1,0.32733043156,0.014361108916194914,0.32733043156,0.28145753999999995,0.0344355,0.31717559406,0.33748526906000004,,,,,,,,,,,,,,,,,,,,,,,,,,,,,20,7,5,2,4,8,1,1.07393439124,0.05491662155302598,1.07393439124,1.04711906,0.0249209,1.03510247574,1.11276630674,21,7,5,2,5,7,0,5,2,35,7,8,1,1.24919473384,0.1113739821132099,1.24919473384,1.1936314799999999,0.0515469,1.17044143584,1.3279480318399999,102,22,0.25892977156,0.0018525122864780394,0.25892977156,0.24122217999999998,0.014878619999999999,0.25761984756,0.26023969556000004,102,92,92,0,10,244,7,102,22,0.7671278317000001,0.0018926137262526225,0.7671278317000001,0.73113438,0.03460528,0.7657895517000001,0.7684661117,102,92,92,0,10,244,7,102,22,0.33901549998,0.002823240496506191,0.33901549998,0.29851081999999995,0.03666286,0.33701916748,0.34101183248,,,,,,,,,,,,,,,,,,,,,,,,,,,,,89,78,74,4,11,84,22,4.39566509636,0.11702748043391885,4.39566509636,4.34181388,0.0519652,4.31291417136,4.47841602136,90,78,74,4,12,78,0,74,4,219,9,84,22,4.37180597754,0.06510719699611324,4.37180597754,4.30914626,0.05953242,4.32576823704,4.41784371804,,,,,,,,,,,,,,,
../../automata-benchmarks/nfa/non-vtf/armc/Bakery4pBinEnc-FbtOneOne-Nondet/armcNFA_inclTest_102.tmb,../../automata-benchmarks/nfa/non-vtf/armc/Bakery4pBinEnc-FbtOneOne-Nondet/armcNFA_inclTest_0.tmb,873,1,65,3163,7,1,3,16,32,1,0.25022157756,0.00778592660469418,0.25022157756,0.22153662,0.026188119999999995,0.24471609606000003,0.25572705906000004,36,29,22,7,3,99,12,25,1,0.7861000982999999,0.009950606736076225,0.7861000982999999,0.7595055799999999,0.024797979999999997,0.7790639568,0.7931362398,36,29,22,7,3,99,12,25,1,0.64945380984,0.015439745863672858,0.64945380984,0.6040355799999999,0.04454898,0.63853626084,0.6603713588400001,,,,,,,,,,,,,,,,,,,,,,,,,,,,,21,16,8,8,1,8,1,3.2783658110400005,0.08184297413028543,3.2783658110400005,3.2162766199999995,0.059507340000000006,3.2204940890400002,3.3362375330400003,22,16,8,8,2,16,0,8,8,61,16,8,1,3.91311279628,0.1336659709887086,3.91311279628,3.86255332,0.04953974,3.81859668178,4.00762891078,98,13,0.22096192342,0.004981501512528569,0.22096192342,0.18856726,0.0283256,0.21743946992000002,0.22448437692,98,85,67,18,13,235,13,80,13,1.1080787088200001,0.020678153411942044,1.1080787088200001,1.05394406,0.053163619999999995,1.0934570463200002,1.1227003713200001,98,85,67,18,13,235,13,80,13,0.70153030072,0.004639157885737492,0.70153030072,0.67297432,0.024748819999999998,0.69824992072,0.7048106807200001,,,,,,,,,,,,,,,,,,,,,,,,,,,,,69,68,39,29,1,39,13,11.583307206939999,1.7015833633797006,11.583307206939999,11.45424416,0.09961382,10.38010607194,12.78650834194,70,68,35,33,2,61,7,35,26,189,18,35,13,10.88344226834,0.9348342776331103,10.88344226834,10.797495779999998,0.08479238,10.22241461134,11.54446992534,,,,,,,,,,,,,,,
../../automata-benchmarks/nfa/non-vtf/armc/Bakery4pBinEnc-FbtOneOne-Nondet/armcNFA_inclTest_302.tmb,../../automata-benchmarks/nfa/non-vtf/armc/Bakery4pBinEnc-FbtOneOne-Nondet/armcNFA_inclTest_0.tmb,1571,1,130,6980,7,1,3,16,32,1,0.23884311956000004,0.019371893841852773,0.23884311956000004,0.20740815999999998,0.029521600000000002,0.22514512206,0.25254111706000004,36,29,22,7,3,116,12,25,1,1.35882659896,0.01477464829635659,1.35882659896,1.32401464,0.0320531,1.34837934496,1.36927385296,36,29,22,7,3,116,12,25,1,1.18888064172,0.005677224581644762,1.18888064172,1.15093612,0.03465748,1.18486623772,1.19289504572,,,,,,,,,,,,,,,,,,,,,,,,,,,,,21,16,8,8,1,8,1,11.295107756859998,1.9379006430974801,11.295107756859998,11.15129608,0.12936048,9.92480507086,12.665410442859999,22,16,8,8,2,16,0,8,8,69,16,8,1,14.22652697644,3.656249251579352,14.22652697644,14.089312179999999,0.13495765999999998,11.641168336940002,16.81188561594,102,15,0.21920993382000004,0.002363629574016297,0.21920993382000004,0.18183090000000002,0.03500632,0.21753859532000003,0.22088127232000002,102,87,70,17,15,292,13,85,15,1.7643171742400001,0.0617300224822541,1.7643171742400001,1.6986739,0.06450768,1.7206674567400002,1.80796689174,102,87,70,17,15,292,13,85,15,1.31046849166,0.015482290357376432,1.31046849166,1.2869775799999998,0.022467139999999997,1.29952085916,1.32141612416,,,,,,,,,,,,,,,,,,,,,,,,,,,,,71,70,41,29,1,41,15,44.60668427092,6.580320539695768,44.60668427092,44.37294672,0.189521,39.95369499492,49.25967354692,72,70,37,33,2,63,7,37,26,234,18,37,15,38.59110472100001,1.9923673142208622,38.59110472100001,38.27052454,0.26197544,37.182288282500004,39.999921159500005,,,,,,,,,,,,,,,
../../automata-benchmarks/nfa/non-vtf/armc/Bakery4pBinEnc-FbtOneOne-Nondet/armcNFA_inclTest_499.tmb,../../automata-benchmarks/nfa/non-vtf/armc/Bakery4pBinEnc-FbtOneOne-Nondet/armcNFA_inclTest_302.tmb,2039,1,156,9317,1571,1,130,6980,10,1,0.25680141792,0.021946282248855965,0.25680141792,0.2253924,0.02925208,0.24128305292000002,0.27231978292000003,84,10,10,0,0,56,49,10,1,3.3922559882400005,0.03154261363831525,3.3922559882400005,3.34576728,0.04488456,3.3699519922400003,3.4145599842400003,84,10,10,0,0,56,49,10,1,3.31958094214,0.045068022041203894,3.31958094214,3.2783505799999997,0.03954436,3.28771303814,3.3514488461400003,,,,,,,,,,,,,,,,,,,,,,,,,,,,,85,10,10,0,1,10,1,60.66410967804,4.309836092062609,60.66410967804,60.19935152,0.43908242,57.61659535154,63.71162400454,,,,,,,,,,,,,,,,,,,,,,,,,,,,,,,,,,,,,,,,,,,,,,,,,,,,,,,,,,,,,,,,,,,,,,,,,,,,,,,,,,,,,,,,,,,,,,,,,,,,,,,,,,,,,,,,,,,,,,,,,,,,,,,,,,,,,,,,,,
../../automata-benchmarks/nfa/non-vtf/armc/Bakery4pBinEnc-FbtOneOne-Nondet/armcNFA_inclTest_2.tmb,../../automata-benchmarks/nfa/non-vtf/armc/Bakery4pBinEnc-FbtOneOne-Nondet/armcNFA_inclTest_3.tmb,15,1,2,22,5,1,1,5,5,1,0.22808074216000002,0.004683215587952851,0.22808074216000002,0.19609165999999997,0.02711012,0.22476920866,0.23139227566,5,1,1,0,4,6,5,5,1,0.26795447772000003,0.01180281567374504,0.26795447772000003,0.23042072000000002,0.028802139999999997,0.25960862672,0.27630032872,5,1,1,0,4,6,5,5,1,0.2356208714,0.01225242952056252,0.2356208714,0.21410488,0.019524239999999998,0.2269570954,0.2442846474,,,,,,,,,,,,,,,,,,,,,,,,,,,,,6,2,2,0,4,5,1,0.27609243634,0.011784494537044523,0.27609243634,0.23984658,0.02989142,0.26775954034,0.28442533234,7,2,2,0,5,1,0,1,0,8,8,5,1,0.26570121698000004,0.008071669162078457,0.26570121698000004,0.22101262,0.037772099999999996,0.25999368498000003,0.27140874898000006,5,1,0.2384653516,0.026250819528066377,0.2384653516,0.21175008,0.024090439999999998,0.21990321910000002,0.2570274841,5,1,1,0,4,6,5,5,1,0.23813194064,0.0013824255770248457,0.23813194064,0.19893997999999996,0.03641754,0.23715441814000002,0.23910946314,5,1,1,0,4,6,5,5,1,0.22655770738000003,0.0011724346620023294,0.22655770738000003,0.19997865999999997,0.024057799999999997,0.22572867088,0.22738674388000002,,,,,,,,,,,,,,,,,,,,,,,,,,,,,6,2,2,0,4,5,1,0.26801377016,0.016261177669241608,0.26801377016,0.23277388,0.034360100000000005,0.25651538116,0.27951215916,7,2,2,0,5,1,0,1,0,8,8,5,1,0.26875198568,0.011317594757854167,0.26875198568,0.23651999999999998,0.029667779999999998,0.26074923768,0.27675473368000003,,,,,,,,,,,,,,,
../../automata-benchmarks/nfa/non-vtf/armc/Bakery4pBinEnc-FlOneOne-Nondet/armcNFA_inclTest_106.tmb,../../automata-benchmarks/nfa/non-vtf/armc/Bakery4pBinEnc-FlOneOne-Nondet/armcNFA_inclTest_20.tmb,1161,1,54,3797,412,1,11,1154,8,1,0.23500391566,0.0019178249114291037,0.23500391566,0.21180991999999998,0.01994764,0.23364780866,0.23636002266000003,60,7,7,0,1,34,31,8,1,0.7899482653000001,0.016596915504482862,0.7899482653000001,0.75276034,0.034625939999999994,0.7782124738,0.8016840568,60,7,7,0,1,34,31,8,1,0.7341321869000001,0.021178588437337047,0.7341321869000001,0.70346712,0.0290823,0.7191566634000001,0.7491077104000001,,,,,,,,,,,,,,,,,,,,,,,,,,,,,61,7,7,0,2,8,1,6.415207045320001,1.5580739172820144,6.415207045320001,6.350703399999999,0.05954266,5.31348241282,7.516931677820001,62,7,7,0,3,7,0,7,0,37,35,8,1,9.20367789986,1.3464818911824536,9.20367789986,9.10858864,0.09392392,8.25157142386,10.15578437586,2300,77,0.24905509548,0.014296888771220737,0.24905509548,0.23399186,0.01394956,0.23894566848,0.25916452248,2298,2052,1981,71,293,1972,1080,2227,77,10.99713128502,0.13044157396599268,10.99713128502,10.96370704,0.03235142,10.904895163519999,11.08936740652,2298,2052,1981,71,293,1972,1080,2227,77,0.9517575789000001,0.0031290252884964105,0.9517575789000001,0.93105178,0.01473886,0.9495450239000001,0.9539701339000001,,,,,,,,,,,,,,,,,,,,,,,,,,,,,,,,,,,,,,,,,,,,,,,,,,,,,,,,,,,,,,,,,,,,,,,,,,,,,
../../automata-benchmarks/nfa/non-vtf/armc/Bakery4pBinEnc-FlOneOne-Nondet/armcNFA_inclTest_20.tmb,../../automata-benchmarks/nfa/non-vtf/armc/Bakery4pBinEnc-FlOneOne-Nondet/armcNFA_inclTest_10.tmb,412,1,11,1154,275,1,3,690,8,1,0.24185683064000002,0.0006286080289798903,0.24185683064000002,0.20951567999999998,0.029384959999999998,0.24141233764000003,0.24230132364,53,7,7,0,1,31,30,8,1,0.36380385622,0.02605675972882401,0.36380385622,0.3172696,0.04433816,0.34537894472,0.38222876772000003,53,7,7,0,1,31,30,8,1,0.31021128208000004,0.014728605745406386,0.31021128208000004,0.26411892,0.0435929,0.29979658508,0.32062597908,,,,,,,,,,,,,,,,,,,,,,,,,,,,,54,7,7,0,2,8,1,1.60043835388,0.028806900940504743,1.60043835388,1.56467672,0.029770739999999997,1.58006879888,1.62080790888,55,7,7,0,3,7,0,7,0,35,33,8,1,1.9705639465799998,0.4092182081954342,1.9705639465799998,1.89944858,0.06647886,1.6812029765799998,2.2599249165799997,1293,19,0.2635062715,0.024676489413268204,0.2635062715,0.24605104,0.014655379999999999,0.24605735850000002,0.2809551845,1293,1316,1267,49,20,1013,850,1244,19,7.30441676718,0.0075350797669619315,7.30441676718,7.23507086,0.06641317999999999,7.29908866118,7.3097448731800005,1293,1316,1267,49,20,1013,850,1244,19,0.40165980828000003,0.009216791117550666,0.40165980828000003,0.36416324,0.03475034,0.39514255278000004,0.40817706378000007,,,,,,,,,,,,,,,,,,,,,,,,,,,,,,,,,,,,,,,,,,,,,,,,,,,,,,,,,,,,,,,,,,,,,,,,,,,,,
../../automata-benchmarks/nfa/non-vtf/armc/Bakery4pBinEnc-FlOneOne-Nondet/armcNFA_inclTest_20.tmb,../../automata-benchmarks/nfa/non-vtf/armc/Bakery4pBinEnc-FlOneOne-Nondet/armcNFA_inclTest_10.tmb,412,1,11,1154,275,1,3,690,8,1,0.25184153684,0.00429387481605696,0.25184153684,0.21597843999999997,0.031004459999999998,0.24880530884,0.25487776484,53,7,7,0,1,31,30,8,1,0.37290174154,0.010567128188845278,0.37290174154,0.304724,0.05327724,0.36542965354,0.38037382954000004,53,7,7,0,1,31,30,8,1,0.30954055430000005,0.006610842413582745,0.30954055430000005,0.27700968,0.02972188,0.30486598280000005,0.31421512580000005,,,,,,,,,,,,,,,,,,,,,,,,,,,,,,,,,,,,,,,,,,,55,7,7,0,3,7,0,7,0,35,33,8,1,2.27729184694,0.34923612114936115,2.27729184694,2.21259316,0.04981914,2.03034461744,2.52423907644,1293,19,0.27268745614,0.0006894722451705357,0.27268745614,0.22840706,0.04047552,0.27219992564,0.27317498664,1293,1316,1267,49,20,1013,850,1244,19,7.8640956081599995,0.00920312910743131,7.8640956081599995,7.794554939999999,0.06482994,7.85758801316,7.87060320316,1293,1316,1267,49,20,1013,850,1244,19,0.42335523258,0.0015299916911906744,0.42335523258,0.40165474,0.0148231,0.42227336508,0.42443710008,,,,,,,,,,,,,,,,,,,,,,,,,,,,,,,,,,,,,,,,,,,1168,1184,989,195,21,1169,15,989,180,1213,1050,977,19,131.07202803958,,,,,,,,,,,,,,,,,,,,,
